"ID","nom_scientifique","nom_commun","famille","accueil_insectes","aire_naturelle","allergisant","anime","capacite_recepage","categorie_paysagere","cavites","cheminement","cimetiere","comestibles_faune","commentaire_biodiversite","commentaire_consommation","commentaire_origine","commentaire_paysage","confort","conifere_feuillu","contraintes_physiques","cortege_naturel","cour_ecole","danger_mecanique","envahissante","espace_intermediaire","feuilles_composition","feuilles_densite","feuilles_forme","feuilles_rugosite","feuilles_taille","feuilles_type","fleurs_couleur","fleurs_periode","fleurs_valorisation","fruits_comestibles","fruits_commentaire","grande_voie","habitats_hote","hauteur_max","indigene_exogene","inflammabilite","infusion","insectes","interet_lepidopteres","largeur_houppier","longevite","mer_etang","noue_bassin_orage","origine","parc_urbain","partie_toxique","place","placette","pollen_nectar","port","quai_berge","racines_degats","racines_systeme","recommandations_guides","resistance_chaleur","resistance_gel","resistance_secheresse","resistance_vent","sol_salinite","sol_texture","square","stationnement","structure","symbolique","toxique","vitesse_croissance","voie_peripherique"
"1","Abelia x grandiflora  Rehder","Abélia à grandes fleurs","Caprifoliaceae","Oui","Hybride artificiel","Non","Oui","Oui","Arbrisseau","Non","Oui","Oui","Non","Espèce attractive pour les abeilles, papillons et oiseaux",NA,NA,"De croissance rapide, l’abélia supporte bien le vent, y compris en bord de mer. Avec ses feuilles ovales et pointues, l’abélia est l’arbuste idéal des petits jardins, car peu exigeant, facile à cultiver, plus haut et résistant au froid que les autres espèces du genre, et facile à tailler. Sa floraison ornementale est parfumée et de longue durée et son feuillage est coloré. C'est une très bonne plante pour des haies fleuries, libres ou taillées","Non","Feuillu","[""Aucun""]","Buddleia,kolwitzia,seringat,céanothe,berberis,choisya","Oui","[""Aucun""]","Non","Oui","Simple","Dense","Lancéolé ou ovale","Glabre","Moyenne","Semi-persistant","Blanc, rose pâle","[""5"",""6"",""7"",""8"",""9""]","[""Les deux""]",NA,"Capsules aplaties","Non","Oui","2","Espèce allochtone","Moyen",NA,"Papillons","Oui","Étroit","Longue","Oui","Oui","Exogène","Oui","[""Aucun""]","Oui","Oui","Oui","Arrondi","Oui","Aucun","Cœur","Espèce citée dans un guide","Mésothermophile","Forte","Mésoxérophyte","Tolérant","Glycophyte intolérante","[""Limon""]","Oui","Oui","Oui","Non","Non","Moyenne","Non"
"3","Abies pinsapo Boiss.","Sapin d'Andalousie ou sapin d'Espagne","Pinaceae","Oui","Maroc, Andalousie","Non","Oui","Non","Arbre","Non","Oui","Oui","Oui","Dissémination par le vent ou par les animaux. Nombreux insectes et oiseaux. Les chenilles des papillons de nuit du genre Heterocera s’en nourrissent.",NA,NA,"Arbre au port pyramidal élancé régulier et compact. Il se remarque par le graphisme de ses  aiguilles vertes bleutées, implantées en tous sens et ses cônes marrons à pourpres décoratifs.  Il peut être planté en isolé ou en groupe si l’espace lui permet de se développer sans contraintes de passage et de bâti à proximité et sur sol désimperméabilisé.","Non","Conifère","[""Dépôt de miellat""]","Cedre de l'Atlas","Oui","[""Aucun""]","EVEE","Non","Simple","Dense","Aiguille","Glabre","Petite","Persistant","Vert puis pourpre","[""3"",""4"",""5"",""6""]","[""Non""]",NA,"Cone brun violacé","Non","Oui","25","Invasive avérée","Fort",NA,"Abeilles","Oui","Moyen","Très longue","Non","Non","Exogène","Oui","[""Aucun""]","Non","Non","Non","Pyramidal","Non","Racines agressives","Pivotant","Espèce non citée","Thermophile","Forte","Mésoxérophyte","Tolérant","Glycophyte intolérante","[""Gravier/roches""]","Non","Non","Oui","Non","Non","Lente","Non"
"5","Acacia Mill.","Mimosa","Fabaceae","Oui","Océanie : l'Australie, Tasmanie, Nouvelle Zélande, Nouvelle Guinée. On y trouve la plupart des Acacia ornementaux. Afrique : nombreuses espèces épineuses ; Acacia nilotica  en Egypte, au Sud l'Acacia karroo spontané au Transvaal et au Natal et l'Acacia horrida en Mauritanie. Amérique du Sud: l'Acacia caven au Chili et l'Acacia farnesiana aux Antilles. Inde: l'Acacia catechu et 50 autres espèces.","Oui","Oui","Oui","Arbre","Oui","Oui","Non","Oui","Ses fleurs odorantes trouvent un débouché en parfumerie et sont à la source de  miels  réputés",NA,NA,"Le mimosa étant invasif, préférez des cultivars ne drageonnant pas pour éviter l'envahissement.","Oui","Feuillu","[""Epines""]",NA,"Non","[""Branches cassantes""]","EVEE","Oui","Composée","Ouvert","Lancéolé ou ovale","Glabre","Petite","Persistant","Jaune","[""2"",""3"",""4""]","[""Les deux""]",NA,"Ce sont des gousses souvent aplaties, le plus souvent déhiscentes. Les graines sont assez petites, brunes, noires ou vertes . Présence d'un funicule.","Non","Oui","10","Invasive avérée","Fort",NA,"Abeilles, papillons, mouches, coléoptères, guèpes, fourmis","Oui","Moyen","Moyenne","Oui","Oui","Exogène","Oui","[""Aucun""]","Oui","Non","Oui","Étalé","Oui","Drageonnantes","Traçant","Espèce non citée","Thermophile","Forte","Mésoxérophyte","Intolérant","Glycophyte tolérante","[""Sable"",""Limon""]","Non","Non","Oui","Oui","Non","Rapide","Non"
"6","Acacia retinodes Schltdl.","Mimosa des 4 saisons","Fabaceae","Oui","Australie du Sud","Oui","Oui","Oui","Arbre","Oui","Oui","Non","Oui","Ses fleurs odorantes trouvent un débouché en parfumerie et sont à la source de  miels  réputés",NA,NA,"Le mimosa étant invasif, préférez des cultivars ne drageonnant pas pour éviter l'envahissement.","Oui","Feuillu","[""Aucun""]",NA,"Non","[""Branches cassantes""]","EVEE","Oui","Simple","Ouvert","Lancéolé ou ovale","Glabre","Petite","Persistant","Jaune crème","[""1"",""2"",""3"",""4"",""5"",""6"",""7"",""8"",""9"",""10"",""11"",""12""]","[""Les deux""]",NA,"Gousse","Non","Oui","8","Invasive avérée","Fort",NA,"Mouches, abeilles , coléoptères","Oui","Moyen","Moyenne","Oui","Oui","Exogène","Oui","[""Aucun""]","Oui","Oui","Oui","Buissonnant","Oui","Aucun","Traçant","Espèce non citée","Thermophile","Forte","Mésoxérophyte","Tolérant","Glycophyte tolérante","[""Sable"",""Limon"",""Argile""]","Oui","Oui","Oui","Non","Non","Rapide","Non"
"7","Acer campestre","Érable champêtre","Sapindaceae","Oui","Espèce à affinités subméditerranéenne et subatlantique","Oui","Oui","Oui","Arbre","Oui","Oui","Oui","Oui","L'érable champêtre est une plante très mellifère, grâce à ses fleurs avec disque nectarifère.Les abeilles se régalent aussi du miellat produit par les pucerons et récolté sur ses feuilles. Il est source de nourriture pour: Halyzia sedecimguttata Incurvaria pectinea, Heterarthrus wuestneii , Aceria aceriscampestris","Les feuilles de l’érable champêtre sont comestibles : on les utilise dans les salades mêlées. Quant à sa sève sucrée, on s’en sert pour fabriquer du sirop..Cet arbre a aussi des vertus médicinales : son écorce a des propriétés astringentes et un peu anticholestérolémique .",NA,"Arbre au port caractérisé en dôme pouvant être mené en cépée et supportant la taille. Il présente un intérêt isolé, en bosquet ou en haie; effet brise vent à l’ambiance champêtre. Son feuillage jaune d’or lumineux est remarquable en automne. Son écorce liégeuse est une curiosité. Il est très bien adapté en milieu urbain quel que soit le type de revêtement. Symbolisme riche et variant selon les cultures il est surtout évocateur d’ambiance champêtre.","Oui","Feuillu","[""Dépôt de miellat""]","Peuplier blanc,chêne pubesent5En région méditerranéenne, Rameau.      Bois, lisières forestières, forêts ouvertes . - Rameau]","Oui","[""Aucun""]","Non","Oui","Simple","Dense","Palmilobé","Poilue","Moyenne","Caduc","Vert-jaune","[""4"",""5""]","[""Non""]",NA,"Double samare, aux ailes dans le prolongement l'une de l'autre.","Non","Oui","10","Espèce autochtone","Moyen",NA,NA,"Oui","Large","Longue","Oui","Non","Indigène","Non","[""Aucun""]","Oui","Non","Oui","Arrondi","Non","Aucun","Pivotant","Espèce citée dans plusieurs guides","Mésothermophile","Très forte","Mésoxérophyte","Adapté","Glycophyte tolérante","[""Sable"",""Limon"",""Argile""]","Oui","Oui","Oui","Oui","Non","Lente","Oui"
"8","Acer monspessulanum","Érable de Montpellier","Sapindaceae","Oui","Supraméditerranéenne","Oui","Oui","Oui","Arbre","Oui","Oui","Oui","Oui","Fin avril, début mai, une profusion de fleurs mellifères, en corymbes penchés, hermaphrodites, vert jaunâtre, s'épanouissent avant la foliaison, ou simultanément.","On peut récolter, la sève de tous les érables adultes  pour en faire du sirop.  Son bois est utilisé en tournerie, en menuiserie etcomme bois de chauffage.",NA,"C'est une espèce pouvant être menée en grand arbuste buissonnant, cépée ou petit arbre. Son feuillage se pare d’une teinte jaune d’or en automne qui dure plusieurs semaines. Il renforce le caractère champêtre dans un bosquet ou une haie. S’il s’adapte à la sécheresse, il ne supporte pas néanmoins l’espace très minéralisé et les  sols imperméabilisés.","Non","Feuillu","[""Dépôt de miellat""]","Chênes vert et pubescent,filaire à feuilles étroites,nerprun alaterne,pistachier térébinthe","Non","[""Aucun""]","Non","Oui","Simple","Moyennement dense","Palmilobé","Cireuse et poilue","Moyenne","Caduc","Jaune-vert","[""4""]","[""Non""]",NA,"Doubles samares pendantes, à ailes quasi parallèles.","Non","Oui","6","Espèce autochtone","Moyen",NA,"Abeilles, papillons, pollinisation par - coléoptères, mouches, syrphes, guêpes, abeilles à langue moyenne","Oui","Moyen","Très longue","Oui","Oui","Indigène","Oui","[""Aucune""]","Non","Oui","Oui","Étalé","Non","Aucun","Mixte","Espèce citée dans plusieurs guides","Résistante","Forte","Xérophyte","Adapté","Glycophyte tolérante","[""Sable"",""Limon"",""Argile""]","Oui","Oui","Non","Oui","Non","Lente","Non"
"9","Acer opalus","Érable à feuille d'obier","Sapindaceae","Oui","Sud-européenne périalpine","Oui","Oui","Oui","Arbre","Oui","Oui","Oui","Oui","Abondante source de nectar et pollen, il attire les abeilles et les papillons . C'est un arbre mellifère, identifié comme possible gîtes à chauves-souris.","On peut récolter, la sève de tous les érables adultes  pour en faire du sirop.",NA,"Petit arbre qui peut être structurant s’il est mené en haute-tige. Sa floraison jaune clair abondante au printemps suivie par un feuillage légèrement pourpre au débourrement puis orange rouge en automne crée des événements au fil des saisons. Son feuillage large palmatilobé et arrondi présente un intérêt tant du point de vue du graphisme, du caractère champêtre que du confort en termes d’ombrage et d’effet brise vent.","Oui","Feuillu","[""Dépôt de miellat""]","Tillaies sèches, chênaies pubescentes","Non","[""Aucun""]","Non","Oui","Simple","Ouvert","Palmilobé","Poilue","Moyenne","Caduc","Jaune-vert","[""3"",""4""]","[""Non""]",NA,"Doubles samares, dont les ailes forment un angle aigu.","Non","Oui","10","Espèce autochtone","Moyen",NA,"Abeilles, papillons, pollinisation par - coléoptères, mouches, syrphes, guêpes, abeilles à langue moyenne","Oui","Moyen","Très longue","Non","Oui","Indigène","Oui","[""Aucune""]","Oui","Non","Oui","Étalé","Non","Racines agressives","Mixte","Espèce citée dans plusieurs guides","Thermophile","Moyenne","Mésoxérophyte","Adapté","Glycophyte tolérante","[""Sable"",""Limon"",""Argile""]","Non","Oui","Oui","Oui","Non","Lente","Non"
"10","Acer platanoides","Érable plane","Sapindaceae","Oui","Distribution géographique  : Europe, Caucase.","Oui","Oui","Oui","Arbre","Oui","Oui","Oui","Oui","Abondante source de nectar et pollen, il attire les abeilles et les papillons . C'est un arbre mellifère, identifié comme possible gîtes à chauves-souris.","On peut récolter, la sève de tous les érables adultes  pour en faire du sirop.",NA,"Arbre à la frondaison ample, arrondie et régulière. Il se remarque au printemps pour son débourrement vert tendre et floraison jaune puis en automne se parant de teintes  jaune d’or à rouge-orangé flamboyant. Son écorce crevassée se révèle en hiver. Bien adapté en milieu urbain, son volume foliaire vert foncé offre une ombre dense et profonde. Considéré comme espèce pionnière, il est chargé de symboliques diverses selon les cultures.","Oui","Feuillu","[""Dépôt de miellat""]","Aulnes, chevrefeuille, fusain, lierre, charme, noisetier","Non","[""Aucun""]","Non","Oui","Simple","Moyennement dense","Palmilobé","Glabre","Grande","Caduc","Jaune, vert","[""4""]","[""Non""]",NA,"Fruit  à 2 carpelles accolés par leur partie fertile, prolongés par une longue aile spatulée.","Oui","Oui","20","Espèce autochtone","Moyen",NA,"Abeilles, papillons, pollinisation par - coléoptères, mouches, syrphes, guêpes, abeilles à langue moyenne","Oui","Large","Très longue","Non","Non","Indigène","Oui","[""Aucune""]","Oui","Non","Oui","Étalé","Oui","Racines agressives","Mixte","Espèce citée dans plusieurs guides","Mésothermophile","Très forte","Mésoxérophyte","Adapté","Glycophyte intolérante","[""Sable"",""Limon"",""Argile""]","Non","Oui","Oui","Oui","Non","Lente","Oui"
"11","Acer pseudoplatanus","Érable sycomore","Sapindaceae","Oui","Distribution géographique  : Europe.","Oui","Oui","Oui","Arbre","Oui","Oui","Oui","Oui","Abondante source de nectar et pollen, il attire les abeilles et les papillons . C'est un arbre mellifère, identifié comme possible gîtes à chauves-souris.","On peut récolter, la sève de tous les érables adultes  pour en faire du sirop.",NA,"Il a une frondaison ample, arrondie et régulière. Son écorce est grise et rosée décorative. Son ombre est dense et sombre et a un effet brise vent. Il est représentatif des alignements de bords de route en milieu interurbain. Il apporte une ambiance champêtre en association avec d’autres espèces.","Oui","Feuillu","[""Dépôt de miellat""]","Aulnes, chevrefeuille, fusain, lierre, charme, noisetier","Non","[""Aucun""]","Non","Oui","Simple","Moyennement dense","Palmilobé","Glabre","Grande","Caduc","Vert, jaune","[""5""]","[""Non""]",NA,"Fruit  à 2 carpelles accolés par leur partie fertile, prolongés par une longue aile spatulée.","Oui","Oui","15","Espèce autochtone","Moyen",NA,"Abeilles, papillons, pollinisation par - coléoptères, mouches, syrphes, guêpes, abeilles à langue moyenne","Oui","Large","Très longue","Non","Non","Indigène","Oui","[""Aucune""]","Oui","Non","Oui","Étalé","Oui","Racines agressives","Mixte","Espèce citée dans plusieurs guides","Mésothermophile","Très forte","Mésoxérophyte","Adapté","Glycophyte intolérante","[""Sable"",""Limon"",""Argile""]","Non","Oui","Oui","Oui","Non","Lente","Oui"
"12","Actinidia chinensis Planch.","Kiwi, Groseille de Chine","Actinidiaceae","Oui","Chine Nord-Centrale, Chine Sud-Centrale, Chine Sud-Est, Taiwan","Oui","Oui","Oui","Liane","Non","Oui","Non","Oui","Il accueille  abeilles solitaires, apis mellifera, bourdons,  mouches, chenilles tordeuses","Ses fruits velus en forme d’œuf sont très riches en vitamine C. On utilise les racines séchées qui sont dépuratives, diurétiques, calmantes, fébrifuges et sédatives. Des fleurs, on en extrait une huile alimentaire parfumée",NA,"Ses fruits sont comestibles. C'est une liane vigoureuse et longévive si les conditions sont bonnes.Ses larges feuilles  donnent un effet tropical.  Il est comestible, en tant qu'espèce dioique, il faut un plant mâle et un plant femelle pour obtenir des fruits.","Non","Feuillu","[""Aucun""]","Arbousier","Non","[""Fructification pouvant entraîner des dommages""]","Non","Oui","Simple","Moyennement dense","Lancéolé ou ovale","Poilue","Grande","Caduc","Blanc crème, jaune","[""6""]","[""Parfum""]",NA,"3 à 5 cm, jaune-vert, recouvert de poils bruns, très bon","Non","Oui","10","Espèce allochtone","Moyen",NA,"Abeilles solitaires, apis mellifera, bourdons  mouches, chenilles tordeuses","Oui","Étroit","Longue","Non","Oui","Exogène","Oui","[""Aucun""]","Oui","Non","Oui","Liane","Oui","Aucun","Pivotant","Espèce non citée","Thermophile","Moyenne","Mésophyte","Intolérant","Glycophyte intolérante","[""Limon""]","Non","Non","Non","Non","Non","Rapide","Oui"
"13","Aesculus hippocastanum","Marronnier d'Inde","Sapindaceae","Oui","Albanie, Bulgarie, Grèce, Turquie, Turkménistan, Yougoslavie.","Non","Oui","Non","Arbre","Oui","Non","Non","Oui","Les fleurs du marronnier d’Inde sont mellifères et nectarifères tandis que les écailles des bourgeons fournissent aux abeilles de la propolis, une substance résineuse qui sert à calfeutrer leurs ruches, colmater les fissures et fixer les rayons de cire.","Les graines ne sont pas comestibles comme les châtaignes en raison de leur teneur en tanins et saponines toxiques. Elles sont cependant riches en amidon, sucres, huiles et protéines.",NA,"Arbre majestueux à l’architecture imposante, aux rameaux denses recourbés et important volume foliaire. Qu’il soit planté en alignement en mail ou isolé dans les parcs ou sur une place de village, le marronnier d’Inde est emblématique des paysages urbains . Sa floraison est abondante est très décorative en panicules blanches au printemps. Le feuillage vire au roux précocement notamment lors des étés chauds. La production de marrons en septembre est annonciatrice de l’automne. Il offre une ombre dense et généreuse dans les grands espaces et le long des axes de promenade.","Oui","Feuillu","[""Fruits salissants""]","Charmes houblon, érable champetre, tilleuls à petites et grandes feuilles","Non","[""Fructification pouvant entraîner des dommages""]","Non","Non","Composée","Dense","Lancéolé ou ovale","Glabre","Grande","Caduc","Pétales blancs teintés de rose","[""4"",""5""]","[""Les deux""]",NA,"Capsule épineuse déhiscente contenant une grosse graine de couleur acajou, rarement deux","Non","Oui","25","Espèce allochtone","Fort",NA,"Abeilles, lepidoptères","Oui","Large","Très longue","Non","Non","Exogène","Oui","[""Graines"",""Feuilles""]","Oui","Non","Oui","Arrondi","Non","Racines agressives","Mixte","Espèce non citée","Résistante","Moyenne","Mésophyte","Intolérant","Glycophyte intolérante","[""Sable"",""Limon""]","Oui","Non","Oui","Oui","Oui","Moyenne","Non"
"14","Agonis flexuosa  Sweet","Willow Myrtle ","Myrtaceae","Oui","Australie de l'ouest","Non","Oui","Oui","Arbre","Non","Oui","Non","Oui","Il accueille  guèpes, abeilles , araignées","Dans les lieux d'origine, les feuilles d'Agonis sont utilisées pour la production d'antiseptiques",NA,"C'est un arbre à croissance rapide, il est assez ubiquiste et ne nécessite pas d'entretien. Sa morphologie est esthétique . Il porte de petites feuilles gracieuses et a une floraison généreuse mais discrète. En bord de route, il contrôle l'érosion des sols","Non","Feuillu","[""Aucun""]","Mimosas à feuilles de saule, myrthe","Oui","[""Aucun""]","B-EVEE à l'étranger","Oui","Simple","Ouvert","Lancéolé ou ovale","Glabre","Petite","Persistant","Blanches","[""4"",""5"",""6""]","[""Apparence""]",NA,"Caspule","Non","Oui","10","Espèce allochtone","Fort",NA,"Variés, guèpes, abeilles - araignées - VT","Oui","Large","Très longue","Oui","Oui","Exogène","Oui","[""Aucun""]","Oui","Oui","Oui","Pleureur","Oui","Aucun","Mixte","Espèce citée dans un guide","Thermophile","Moyenne","Résistant","Adapté","Glycophyte tolérante","[""Sable"",""Gravier/roches"",""Limon"",""Argile""]","Oui","Oui","Oui","Non","Non","Moyenne","Non"
"15","Albizia julibrissin Durazz.","Arbre à soie, Acacia de Constantinople","Fabaceae","Oui","Iran, Turquie, Azerbaijan, Chine, Japon, Taiwan, Bhoutan, Inde, Népal, Cachemire, Myanmar","Non","Oui","Oui","Arbre","Non","Oui","Non","Oui","Cette espèce attire les oiseaux et de nombreux insectes dont des pollinisateurs",NA,NA,"Remarquable par son port très étalé en parasol, il a un feuillage léger, décoratif et attractif. Arbre offrant une floraison remarquable en été avec des fleurs roses à pourpre en plumets. Il présente un intérêt en période hivernale par son écorce grise foncée et ses gousses plates.","Oui","Feuillu","[""Dépôt de miellat""]","Poivrier de Sishuan","Oui","[""Branches cassantes""]","Alerte","Oui","Composée","Ouvert","Lancéolé ou ovale","Glabre","Petite","Caduc","Rose","[""7"",""8"",""9""]","[""Apparence""]",NA,"Gousse non attrayante, persiste en hiver","Non","Oui","12","Invasive potentielle","Faible",NA,"Abeilles, papillons","Oui","Large","Moyenne","Oui","Non","Exogène","Oui","[""Aucun""]","Oui","Non","Oui","Étalé","Non","Drageonnantes","Mixte","Espèce non citée","Thermophile","Très forte","Mésoxérophyte","Intolérant","Glycophyte tolérante","[""Sable"",""Limon"",""Argile""]","Oui","Non","Oui","Non","Non","Rapide","Non"
"16","Alnus cordata  Duby","Aulne à feuilles cordées",NA,"Oui","Albanie, Italie, Corse","Oui","Oui","Oui","Arbre","Oui","Non","Non","Oui","Fournit une réserve alimentaire importante pour l’avifaune. Attire de nombreux oiseaux car très friands des graines.",NA,NA,"Arbre à l’architecture élancée et aux rameaux proches de l’horizontal. Son feuillage persistant vernissé de feuillaison précoce et de chute tardive offre une ombre fraîche. Ses chatons décoratifs apparaissent en fin d’hiver et sont suivis de stabiles en grappes persistants tout l’hiver. Il évoque les milieux humides même si cette espèce est résistante à la sécheresse.","Oui","Feuillu","[""Aucun""]","Frêne oxyphylle, peupliers noir et blanc,aulne glutineux,châtaignier","Non","[""Branches cassantes""]","Alerte","Non","Simple","Moyennement dense","Ronde","Poilue","Moyenne","Caduc","Jaune verdâtre","[""2"",""3""]","[""Non""]",NA,"Cônes globuleux groupés par 3 . Akène à ailes plus larges que le noyau.","Non","Oui","15","Invasive potentielle","Faible",NA,"Entomophages généralistes : araignées, chrysopes, Empidiae, acariens prédateurs, hyménoptère parasitoides","Oui","Large","Longue","Non","Oui","Exogène","Oui","[""Aucun""]","Non","Non","Oui","Pyramidal","Oui","Racines agressives","Cœur","Espèce citée dans plusieurs guides","Thermophile","Très forte","Résistant","Tolérant","Glycophyte tolérante","[""Limon"",""Argile"",""Humus"",""Gravier/roches""]","Non","Non","Oui","Oui","Non","Rapide","Non"
"17","Alnus cordata","Aulne de Corse","Betulaceae","Oui","Supraméditerranéenne","Oui","Oui","Oui","Arbre","Oui","Non","Non","Oui","Fournit une réserve alimentaire importante pour l’avifaune. Attire de nombreux oiseaux car très friands des graines.","L'écorce riche en tanins possède des propriétés astringentes, fébrifuges et cicatrisantes. Macérée dans le vin blanc, elle servait à soigner les maux de gorge et de dent. Les cônes servaient au traitement contre la goutte.",NA,"Arbre à l’architecture élancée et aux rameaux proches de l’horizontal. Son feuillage persistant vernissé de feuillaison précoce et de chute tardive offre une ombre fraîche. Ses chatons décoratifs apparaissent en fin d’hiver et sont suivis de stabiles en grappes persistants tout l’hiver. Il évoque les milieux humides même si cette espèce est résistante à la sécheresse.","Oui","Feuillu","[""Aucun""]","Frêne à feuilles étroites, peupliers noir et blanc, orme de montagne, aulne glutineux, bruyère de Corse, chataignier","Non","[""Branches cassantes""]","Alerte","Non","Simple","Dense","Ronde","Cireuse","Moyenne","Caduc","Jaune-verdâdre","[""2"",""3""]","[""Non""]",NA,"Cônes ligneux, noirâtres, longs de 2-2,5 cm.","Non","Oui","15","Invasive potentielle","Faible",NA,"Entomophages : araignées, chrysopes, Empidiae, acariens prédateurs, hyménoptère parasitoides.","Oui","Large","Longue","Non","Oui","Exogène","Oui","[""Aucun""]","Non","Non","Oui","Pyramidal","Oui","Racines agressives","Cœur","Espèce citée dans plusieurs guides","Thermophile","Très forte","Résistant","Tolérant","Glycophyte tolérante","[""Limon"",""Argile"",""Humus"",""Gravier/roches""]","Non","Non","Oui","Oui","Non","Rapide","Non"
"18","Alnus glutinosa","Aulne glutineux","Betulaceae","Oui","Eurasiatique","Oui","Oui","Oui","Arbre","Oui","Oui","Non","Oui","Ses chatons allongés vert jaunâtre sont très appréciés des abeilles, sortant de leur léthargie hivernale, qui se servent de son abondant pollen pour activer la ruche. Ses fleurs étant naturellement pollinisées par le vent, elles ne produisent en revanche pas de nectar.","L'écorce riche en tanins possède des propriétés astringentes, fébrifuges et cicatrisantes. Macérée dans le vin blanc, elle servait à soigner les maux de gorge et de dent. Les cônes servaient au traitement contre la goutte.",NA,"Arbre à l’architecture colonnaire supportant la taille. Ses chatons décoratifs apparaissent en fin d’hiver et sont suivis de stabiles en grappes persistants tout l’hiver. Son feuillage est très mobile au vent et fourni un ombrage frais le long des berges. Cette espèce très présente localement est emblématique des zones humides où elle croît spontanément. Il demeure peu adapté aux conditions du milieu urbain et son sol imperméabilisé.","Oui","Feuillu","[""Aucun""]","Frêne à feuilles étroites, peupliers noir et blanc, orme de montagne,bruyère de Corse, châtaignier","Non","[""Branches cassantes""]","Non","Non","Simple","Dense","Lancéolé ou ovale","Glabre","Moyenne","Caduc","Pourpre","[""3"",""4""]","[""Non""]",NA,"Petits cônes ligneux, noirs longs de 10-30 mm.","Non","Oui","20","Espèce autochtone","Faible",NA,NA,"Oui","Large","Longue","Oui","Oui","Indigène","Oui","[""Aucun""]","Non","Non","Oui","Pyramidal","Oui","Racines agressives","Traçant","Espèce citée dans plusieurs guides","Mésothermophile","Moyenne","Mésophyte","Tolérant","Glycophyte tolérante","[""Sable"",""Limon"",""Argile""]","Oui","Non","Oui","Oui","Non","Rapide","Non"
"19","Alnus subcordata C.A.Mey.","Aulne du caucase","Betulaceae","Oui","Iran, Azerbaijan","Oui","Oui","Oui","Arbre","Oui","Oui","Non","Oui","Il est identifié comme accueillant plus de 100 espèces d'insectes et d'attirer les oiseaux","L'écorce riche en tanins possède des propriétés astringentes, fébrifuges et cicatrisantes. Macérée dans le vin blanc, elle servait à soigner les maux de gorge et de dent. Les cônes servaient au traitement contre la goutte.",NA,"Arbre pionnier a une longue durée de vie, et convient parfaitement à la mise en valeur de sables stériles comme brise-vent en zone maritime.","Oui","Feuillu","[""Aucun""]","Frêne à feuilles étroites, peupliers noir et blanc, orme de montagne, aulne glutineux, bruyère de Corse, chataignier","Non","[""Branches cassantes""]","Non","Non","Simple","Moyennement dense","Lancéolé ou ovale","Poilue","Moyenne","Caduc","Jaune-vert","[""1"",""12""]","[""Non""]",NA,"Akène","Non","Oui","18","Espèce allochtone","Fort",NA,NA,"Oui","Large","Longue","Oui","Oui","Exogène","Oui","[""Aucun""]","Non","Non","Oui","Pyramidal","Oui","Racines agressives","Traçant","Espèce non citée","Thermophile","Moyenne","Mésophyte","Tolérant","Glycophyte intolérante","[""Sable"",""Limon"",""Argile""]","Oui","Non","Oui","Oui","Non","Rapide","Non"
"20","Amelanchier ovalis","Amélanchier","Rosaceae","Oui","Supraméditerranéenne","Non","Oui","Oui","Arbuste","Oui","Oui","Oui","Oui","Surnommé parfois l'arbre aux oiseaux","Les fruits assez petits mais nombreux sont sucrés et juteux. D’abord rouges, ils virent ensuite au pourpre foncé. Ressemblant à de petites baies, ces fruits, dits amélanches, portent de fausses cloisons et ont des pépins. Ils sont comestibles, meilleurs cuits, utilisables en tarte, en confiture, en accompagnement de viandes ou en fruits frais",NA,"Petit arbuste au feuillage remarquable pour sa floraison blanche abondante au printemps suivie de petites baies bleues noires comestibles. Son feuillage orange rouge en automne est spectaculaire. Il apporte une touche ornementale aux petits espaces urbains ou ruraux en alliant à la fois architecture structurée et ambiance champêtre.","Non","Feuillu","[""Aucun""]","Épine vinette,genévrier,chênes vert et pubescent","Non","[""Aucun""]","Non","Oui","Simple","Moyennement dense","Ronde","Poilue","Petite","Caduc","Blanc","[""4"",""5""]","[""Apparence""]",NA,"Petits fruits d'abord rosâtres, puis noirs, ovoïdes .","Non","Oui","4","Espèce autochtone","Faible",NA,"Tout types","Oui","Étroit","Moyenne","Non","Oui","Indigène","Oui","[""Fleurs""]","Oui","Oui","Oui","Buissonnant","Oui","Drageonnantes","Traçant","Espèce citée dans plusieurs guides","Thermophile","Moyenne","Xérophyte","Tolérant","Glycophyte intolérante","[""Humus"",""Gravier/roches""]","Non","Oui","Non","Oui","Oui","Moyenne","Non"
"21","Araucaria angustifolia  Kuntze","Pin du Paraná","Araucariaceae","Oui","Brésil , Paraguay","Oui","Oui","Non","Arbre","Non","Non","Non","Oui","La dispersion des grosses graines ailées – pinhão – 5 cm sur 2 cm, est souvent assurée par les animaux et au Brésil particulièrement par des oiseaux.","Les graines, surnommées « piñones », contiennent 53 % d'eau, 35 % d'amidon, 4,5 % de protéines, 2,2 % de fibres, 1,1 % de lipides ainsi que des minéraux . Séchées puis cuites, elles servent à préparer des soupes. La fabrication du pain appelé « canuto » se fait à partir des graines, crues et moulues. On obtient une boisson le « mudai » et un alcool à partir des graines fermentées.",NA,"Grand Conifère à port original et bonne longévité. Ne peut être utilisé que dans les grands parcs en raison de son élagage naturel et de la chute des cônes.","Oui","Conifère","[""Aucun""]","Mimosa scabrella","Non","[""Fructification pouvant entraîner des dommages""]","Non","Non","Simple","Moyennement dense","Aiguille","Glabre","Petite","Persistant","Brun","[""1"",""3"",""4"",""5"",""6"",""7"",""8"",""9"",""10"",""11"",""12""]","[""Non""]",NA,"Cône ligneux à petites graines charnues brun clair, avec des ailes, comestibles si grillées","Non","Oui","35","Espèce allochtone","Fort",NA,"Coléoptères, lépidotère, hyménoptères, acari","Oui","Large","Très longue","Non","Non","Exogène","Oui","[""Aucun""]","Oui","Non","Non","Pyramidal","Non","Aucun","Pivotant","Espèce non citée","Résistante","Moyenne","Mésophyte","Tolérant","Glycophyte tolérante","[""Limon"",""Argile""]","Non","Non","Oui","Non","Non","Lente","Non"
"22","Arbutus × andrachnoides Link","Arbutus hybride","Ericaceae","Oui","Chypre, Turquie. Hybride naturel entre A. unedo et A. andrachne dans la zone de contact des aires naturelles des 2 espèces","Non","Oui","Oui","Arbre","Oui","Oui","Non","Oui","Les arbousiers matures  ont souvent de nombreuses cavités accueillantes","Peu de fruits",NA,"Arbre méditerranéen intéressant pour son feuillage persistant, sa tolérance à la sécheresse, sa sobriété et la couleur de son écorce","Non","Feuillu","[""Fruits salissants""]","Térébinthe,chênes vert et kermès",NA,"[""Aucun""]","Non","Oui","Simple","Moyennement dense","Lancéolé ou ovale","Cireuse","Moyenne","Persistant","Blanc, rose","[""12"",""1""]","[""Apparence""]",NA,"Baie rouge, orangée, comestible, similaire à celle d'A. unedo","Non","Oui","15","Espèce allochtone","Faible",NA,"Abeilles, bourdons, papillon","Oui","Moyen","Très longue","Oui",NA,"Exogène","Oui","[""Aucun""]",NA,NA,"Oui","Arrondi","Non","Racines agressives","Pivotant","Espèce citée dans un guide","Mésothermophile","Forte","Mésoxérophyte","Adapté","Glycophyte tolérante","[""Sable"",""Limon""]",NA,NA,"Non","Non","Non","Lente","Non"
"23","Arbutus andrachne L.","Arbousier de Chypre","Ericaceae","Oui","Chypre, Israël, Liban, Syrie, Turquie, Géorgie, Ukraine , Albanie, Bulgarie, Grèce, Croatie, Macédoine du Nord","Non","Oui","Oui","Arbre","Oui","Oui","Non","Oui","Floraison très mellifère","Ces arbouses ont une texture râpeuse, et sans grande saveur.",NA,"L'arbousier de Chypre se distingue surtout par sa superbe écorce rouge-orangé et vert pistache. Un sujet étonnant lorsqu'il est placé isolé","Non","Feuillu","[""Fruits salissants""]","Térébinthe,chênes vert et kermès",NA,"[""Aucun""]","Non","Oui","Simple","Moyennement dense","Lancéolé ou ovale","Cireuse","Moyenne","Persistant","Blanc","[""12"",""1"",""2"",""3""]","[""Apparence""]",NA,"Baie rouge orangé, comestible, sans grand intérêt gustatif","Non","Oui","15","Espèce allochtone","Faible",NA,"Abeilles, Papillon","Oui","Moyen","Très longue","Oui","Oui","Exogène","Oui","[""Aucun""]",NA,NA,"Oui","Arrondi","Non","Racines agressives","Pivotant","Espèce citée dans un guide","Mésothermophile","Forte","Mésoxérophyte","Tolérant","Glycophyte tolérante","[""Sable"",""Limon""]","Oui",NA,"Non","Non","Non","Lente","Non"
"24","Arbutus unedo","Arbousier, Arbre aux fraises","Ericaceae","Oui","Circumméditerranéenne","Non","Oui","Oui","Arbuste","Non","Non","Non","Oui","L’arbousier est un petit arbre persistant à la floraison automnale très mellifère. En effet, c’est en octobre-novembre qu’apparaissent des bouquets de fleurs blanches ou rosées, accompagnées des petits fruits rouges comestibles de l’année précédente attirant ainsi bon nombre d'insectes, d'oiseaux et petite faune","Les arbouses selon leur maturité sont légèrement grumeleuses et / ou farineuses à la saveur acidulée à consommer sans exsès  ou cuites en confitures",NA,"Il dépasse rarement les 5 m mais peut parfois atteindre 10 m. Il est souvent à plusieurs troncs.C’est une des seules espèces d’arbousier acceptant un terrain un peu calcaire sur un sol bien drainé.Tolérance au gel jusqu’à -15°C.","Non","Feuillu","[""Fruits salissants""]","Olivier,caroubier,chêne vert","Non","[""Aucun""]","Non","Oui","Simple","Moyennement dense","Lancéolé ou ovale","Cireuse","Moyenne","Persistant","Blanchâtre","[""9"",""10"",""11"",""12""]","[""Non""]",NA,"Floraison hivernale : novembre à décembre ; maturation des fruits l'année suivante, ce qui permet à l'automne, d'observer des fleurs et des fruits en même temps sur l'arbre.","Non","Oui","5","Espèce autochtone","Moyen",NA,"Abeilles","Oui","Étroit","Très longue","Oui","Oui","Indigène","Oui","[""Fruits""]","Oui","Oui","Oui","Arrondi","Non","Aucun","Pivotant","Espèce citée dans plusieurs guides","Thermophile","Forte","Mésoxérophyte","Intolérant","Glycophyte tolérante","[""Sable"",""Gravier/roches""]","Oui","Non","Non","Oui","Non","Lente","Non"
"25","Argyrocytisus battandieri","Genet ananas","Fabaceae","Oui","Maroc","Non","Oui","Oui","Arbrisseau","Non","Oui","Oui","Non",NA,"Graines toxiques",NA,"En fond dans un massif, pour garnir un talus ou un mur ensoleillé  Un des plus beaux Cytises par son feuillage. Résistant au froid. Floraison abondante et parfumée","Non","Feuillu","[""Dépôt de miellat""]","Cytise,oranger de Chine,grévillée à feuilles de genévrier","Non","[""Aucun""]","Non","Oui","Composée","Moyennement dense","Lancéolé ou ovale","Poilue sur deux faces","Moyenne","Caduc","Jaune vif","[""5"",""6""]","[""Les deux""]",NA,"Présence de gousses de 3,5 à 5 cm de long, dressées et soyeuses.","Non","Oui","5","Espèce allochtone","Moyen",NA,"Hémiptères","Oui","Étroit","Moyenne","Non","Oui","Exogène","Oui","[""Fruits"",""Graines"",""Feuilles"",""Sève"",""Fleurs"",""Ecorce"",""Racines""]","Oui","Oui","Oui","Arrondi","Oui","Aucun","Traçant","Espèce non citée","Mésothermophile","Moyenne","Mésoxérophyte","Intolérant","Glycophyte intolérante","[""Sable"",""Limon""]","Oui","Non","Non","Non","Oui","Moyenne","Non"
"26","Bougainvillea glabra Choisy","Bougainvillée glabre","Nyctaginaceae","Oui","Brésil Nord-Est, Brésil Sud, Brésil Sud-Est","Non","Oui","Oui","Liane","Non","Oui","Oui","Non","Une floraison étendue, tardive, sporadique ressource pour les pollinisateurs. Les fleurs éclosent de mai à septembre sur les rameaux âgés de 2 ans; elles sont très appréciées des insectes butineurs.","Capacité à produire des colorants naturels.   Ses feuilles peuvent être utilisées pour préparer une infusion, aidant à traiter diverses affections, dont les infections respiratoires et les problèmes gastro-intestinaux.",NA,"Floraison estivale et automnale massive et éclatante . Il couvre avec vigueur, là où il se plaît, une pergola, un grand treillis","Non","Feuillu","[""Epines""]","Lavande,jasmin étoilé,agapanthe,oranger","Non","[""Aucun""]","Non","Oui","Simple","Moyennement dense","Lancéolé ou ovale","Cireuse","Moyenne","Semi-persistant","Fleurs : blanc crème, bractées : pourpre Diverses couleurs selon variétés. Celle à couleur pourpre est la plus rustique","[""8"",""9"",""10"",""11""]","[""Apparence""]",NA,"Petite achène étroite à cinq lobes","Oui","Oui","7","Espèce allochtone","Faible",NA,"Lepidoptères","Oui","Moyen","Moyenne","Non","Oui","Exogène","Oui","[""Sève""]","Oui","Oui","Oui","Buissonnant","Oui","Aucun","Traçant","Espèce non citée","Thermophile","Faible","Résistant","Tolérant","Glycophyte tolérante","[""Sable"",""Gravier/roches""]","Oui","Non","Non","Non","Oui","Rapide","Oui"
"27","Brachychiton acerifolius  F.Muell.","Arbre bouteille","Malvaceae","Oui","Australie","Non","Oui","Oui","Arbre","Oui","Oui","Oui","Oui","Plante hôte de lépidoptères en autralie","Les semences évoquent des grains de maïs enveloppés dans une membrane  qui se déchire à maturité. Elles sont comestibles.",NA,"Il est célèbre pour les fleurs rouge vif en cloche qui couvrent souvent l'arbre tout entier quand il a perdu ses feuilles. Il résiste à la  pollution, la compaction, et aux revètements. Il a une forme adaptée aux bords de rues : branches dressées, peu ramifiées","Oui","Feuillu","[""Poils urticants""]","Eucalyptus botryoides,olivier, paniculata, figuier rubiginosa","Non","[""Aucun""]","Non","Oui","Simple","Moyennement dense","Lancéolé ou ovale","Cireuse","Grande","Semi-persistant","Rouge vif","[""6"",""7""]","[""Apparence""]",NA,"Follicules ligneux en forme de barques qui mesurent jusqu'a 10cm de long, persistant sur l'arbre  Les graines sont comestibles après cuisson.","Non","Non","15","Espèce allochtone","Moyen",NA,"Papillons,","Oui","Moyen","Longue","Oui","Non","Exogène","Oui","[""Aucun""]","Oui","Oui","Oui","Pyramidal","Non","Racines agressives","Mixte","Espèce non citée","Thermophile","Faible","Résistant","Tolérant","Glycophyte tolérante","[""Sable"",""Limon"",""Argile"",""Humus""]","Non","Non","Oui","Non","Non","Lente","Non"
"28","Brachychiton discolor F.Muell.","Brachychiton bicolore","Malvaceae","Oui","Australie: New South Wales","Non","Oui","Oui","Arbre","Oui","Oui","Oui","Oui","Ses fleurs nectarifères attirent les abeilles et les papillons.","Les semences évoquent des grains de maïs enveloppés dans une membrane  qui se déchire à maturité. Elles sont comestibles.",NA,"C'est un arbre australien de taille moyenne, de rusticité assez faible, doté d'une floraison estivale rose spectaculaire. Il a un faible encombrement des branches dressées et sa floraison estivale est appréciable en région sud. Bonne tolérance à la sécheresse","Oui","Feuillu","[""Poils urticants""]","Eucalyptus botryoides,olivier, paniculata, figuier rubiginosa","Non","[""Aucun""]","Non","Oui","Simple","Moyennement dense","Palmilobé","Poilue","Moyenne","Semi-persistant","Rose pâle et  rouge","[""6"",""7""]","[""Apparence""]",NA,"Les fruits sont multiples, ce sont des follicules constitués de 2 à 5 capsules en formes de barques, recouvertes d’un duvet roux et contenant des graines jaunes entourées de poils irritants.   Les graines sont comestibles après cuisson.","Non","Non","30","Espèce allochtone","Moyen",NA,NA,"Oui","Moyen","Longue","Oui","Non","Exogène","Oui","[""Aucun""]","Non","Oui","Oui","Pyramidal","Non","Aucun","Mixte","Espèce non citée","Thermophile","Faible","Résistant","Tolérant","Glycophyte tolérante","[""Sable"",""Limon"",""Argile""]","Non","Non","Oui","Non","Non","Moyenne","Non"
"29","Brachychiton populneus  R.Br.","Sterculia à feuilles de peuplier","Malvaceae","Oui","Australie: New South Wales","Non","Oui","Oui","Arbre","Oui","Oui","Oui","Oui","Ses fleurs nectarifères attirent les abeilles et les papillons.","Les graines du « kurrajong »  sont consommées après torréfaction par les peuples indigènes.",NA,"C'est le plus discret des brachychitons connus en France. les feuilles variables rappellent celles du peuplier. Bonne résistance à la sécheresse. C'est un arbre d’ombrage et brise-vents.Ses graines rôties sont comestibles","Oui","Feuillu","[""Poils urticants""]","Eucalyptus botryoides,olivier, paniculata, figuier rubiginosa","Non","[""Aucun""]","Non","Oui","Simple","Moyennement dense","Lancéolé ou ovale","Glabre","Moyenne","Semi-persistant","Blanc crème ou rose","[""6""]","[""Non""]",NA,"Follicule brun de 5 à 7cm, en forme de barque, contenant des graines jaunes recouvertes de poils irritants   Les graines sont comestibles après cuisson.","Non","Non","20","Espèce allochtone","Faible",NA,NA,"Oui","Moyen","Longue","Oui","Non","Exogène","Oui","[""Aucun""]","Non","Oui","Oui","Colonnaire","Non","Aucun","Mixte","Espèce non citée","Mésothermophile","Moyenne","Mésoxérophyte","Tolérant","Glycophyte tolérante","[""Sable""]","Non","Non","Oui","Non","Non","Moyenne","Non"
"30","Broussonetia papyrifera  L'Hér. ex Vent.","Mûrier à papier","Moraceae","Oui","Chine, Corée, Taiwan, Inde, Indochine, Cambodge, Laos, Myanmar, Thailande, Vietnam, Malaisie.","Oui","Non","Oui","Arbre","Non","Oui","Oui","Oui","Ses  fruits rouge-orangé, velus, gluants et sphériques qui évoquent les mûres ont une chair blanche est comestible, très appréciée des oiseaux.","Ses fruits rouge-orangé, velus, gluants et sphériques qui évoquent les mûres ont une  chair blanche est comestible. Dans la pharmacopée traditionnelle, toutes les parties sont utilisées: écorce astringent et purgative, le suc laiteux pour les affections de la peau, les piqûres et les morsures",NA,"Arborescent ou arbustif selon le climat, Broussonetia papyrifera étonne par ses grandes feuilles aux découpes toutes différentes. S'il craint le froid jeune, il supporte chaleur, sécheresse et pollution.","Oui","Feuillu","[""Aucun""]"," ","Non","[""Chute d'arbre""]","EVEE","Oui","Simple","Moyennement dense","Palmilobé","Poilue sur deux faces","Grande","Caduc","Vert","[""5""]","[""Non""]",NA,"Syncarpe arrondie, jusqu'à 2 cm, rouge orangé, goût sucré désagréable,","Non","Oui","12","Invasive avérée","Fort",NA,NA,"Oui","Moyen","Moyenne","Oui","Non","Exogène","Oui","[""Aucun""]","Oui","Oui","Oui","Arrondi","Non","Drageonnantes","Traçant","Espèce non citée","Mésothermophile","Moyenne","Mésoxérophyte","Intolérant","Glycophyte tolérante","[""Sable"",""Limon""]","Oui","Oui","Oui","Non","Non","Moyenne","Non"
"31","Buddleja globosa Hope","Buddleia globuleux","Scrophulariaceae","Oui","Argentine, Chili","Non","Oui","Oui","Arbrisseau","Non","Oui","Oui","Non","Son surnom d'arbre à papillons vient du fait que ses fleurs en longues grappes dégagent un nectar très parfumé qui attire grand nombre d'insectes mais particulièrement les papillons notamment les paons de jour et les vulcains.","Les feuilles de buddleia sont toxiques pour les animaux en cas d'ingestion.",NA,"Floraison originale et parfumée . Il s'adapte à tous sols bien drainés et supporte sécheresses et embruns.","Non","Feuillu","[""Aucune""]","Buddleia,kolwitzia,seringat,céanothe,berberis,choisya","Oui","[""Aucun""]","Non","Oui","Simple","Moyennement dense","Lancéolé ou ovale","Poilue","Moyenne","Semi-persistant","Jaune-orangé","[""5"",""6""]","[""Les deux""]",NA,"Petites capsules jaunâtres regroupées en sphères","Non","Oui","5","Espèce allochtone","Fort",NA,"Papillons","Oui","Étroit","Courte","Oui","Oui","Exogène","Oui","[""Aucun""]","Non","Oui","Oui","Arrondi","Non","Racines agressives","Traçant","Espèce citée dans un guide","Mésothermophile","Moyenne","Résistant","Intolérant","Glycophyte tolérante","[""Gravier/roches"",""Sable"",""Limon""]","Non","Non","Non","Non","Non","Rapide","Non"
"32","Buddleja madagascariensis Lam.","Buddleja de Madagascar","Scrophulariaceae","Oui","Madagascar","Non","Oui","Oui","Arbrisseau","Non","Non","Oui","Oui","Son surnom d'arbre à papillons vient du fait que ses fleurs en longues grappes dégagent un nectar très parfumé qui attire grand nombre d'insectes mais particulièrement les papillons notamment les paons de jour et les vulcains.Les feuilles de buddleia sont toxiques pour les animaux en cas d'ingestion.","Les feuilles de buddleia sont toxiques pour les animaux en cas d'ingestion.",NA,"Floraison hivernale, source de nourriture pour la faune","Non","Feuillu","[""Brûlures""]","Buddleia,kolwitzia,seringat,céanothe,berberis,choisya","Oui","[""Aucun""]","B-EVEE à l'étranger","Oui","Simple","Moyennement dense","Lancéolé ou ovale","Cireuse et poilue","Moyenne","Persistant","Jaune orange","[""1"",""2"",""3""]","[""Les deux""]",NA,"Petites baies globuleuses blanches puis violet/blue une fois mures","Non","Oui","4","Espèce allochtone","Fort",NA,"Abeilles, papillons","Oui","Moyen","Moyenne","Non","Oui","Exogène","Oui","[""Sève""]","Non","Oui","Oui","Buissonnant","Non","Racines agressives","Traçant","Espèce non citée","Thermophile","Faible","Résistant","Intolérant","Glycophyte tolérante","[""Gravier/roches"",""Sable"",""Limon""]","Non","Non","Non","Non","Oui","Moyenne","Non"
"33","Bupleurum fruticosum","Buplèvre ligneux","Apiaceae","Oui","Méditerranéenne","Oui","Oui","Oui","Arbrisseau","Non","Oui","Oui","Oui","Floraison, curieusement parfumée, et mellifère","En Corse, on récolte le buplèvre arbustif en fleurs  pour fabriquer, par distillation des fleurs et du feuillage, une huile essentielle riche en terpènes, aux effets décontractants musculaires, anti-inflammatoires et antinévralgiques.La médecine chinoise utilise la racine séchée du Bupleurum falcatum, le buplèvre en faux, pour éliminer les toxines et restaurer les fonctions du foie, ainsi que pour aider la digestion ou même traiter la dépression.",NA,"Le buplèvre ligneux fait partie des rares arbustes capables de prospérer dans des conditions de sols et de climats particulièrement difficiles : avec les cistes, lavandes, origans, thyms et les filaires, en bord de mer éalement. Il peut se planter dans les endroits très pierreux, secs en été et froids en hiver.","Non","Feuillu","[""Aucune""]","Chêne kermes, chene vert, romarin,lavande","Non","[""Aucune""]","Non","Oui","Simple","Moyennement dense","Lancéolé ou ovale","Cireuse","Moyenne","Persistant","Jaune","[""4"",""5"",""6"",""7"",""8"",""9""]","[""Apparence""]",NA,"Fruits oblongs, bruns, luisants, à côtes aiguës.","Oui","Oui","3","Espèce autochtone","Fort",NA,NA,"Oui","Étroit","Moyenne","Oui","Oui","Indigène","Oui","[""Feuilles""]","Oui","Oui","Oui","Buissonnant","Oui","Aucun","Traçant","Espèce citée dans plusieurs guides","Thermophile","Forte","Mésoxérophyte","Tolérant","Glycophyte tolérante","[""Sable"",""Limon"",""Gravier/roches""]","Non","Oui","Oui","Oui","Oui","Rapide","Oui"
"34","Buxus sempervirens","Buis","Buxaceae","Oui","Supraméditerranéenne","Oui","Oui","Oui","Arbuste","Non","Oui","Oui","Oui","Les abeilles aiment visiter ses fruits au suc très sucré à l'automne","En phytothérapie, les décoctions de feuilles de buis sont conseillées en usage interne ou externe pour lutter contre la fièvre, la grippe, les infections , les problèmes de peau, les plaies, etc.",NA,"Taillé, il est emblématique des jardins à la française. Son feuillage est dense  vert foncé vernissé est persistant, au printemps les fleurs femelles animent le feuillage de leur teinte jaune pâle de même que les nouvelle feuille d’un vert tendre au printemps. Ornemental, il est symbole de la longévité et de l’immortalité.","Non","Feuillu","[""Aucune""]","Lavande, romarin, chêne vert, chêne pubescent","Non","[""Branches cassantes""]","Non","Oui","Simple","Dense","Lancéolé ou ovale","Cireuse","Petite","Persistant","Verdâtre","[""3"",""4""]","[""Non""]",NA,"Capsules sessiles à 3 loges et 3 cornes vertes puis brunes ; graines noires et luisantes.","Non","Oui","5","Espèce autochtone","Moyen",NA,NA,"Oui","Étroit","Record","Non","Non","Indigène","Oui","[""Feuilles""]","Oui","Oui","Oui","Arrondi","Non","Aucun","Traçant","Espèce citée dans plusieurs guides","Thermophile","Très forte","Xérophyte","Tolérant","Glycophyte intolérante","[""Sable"",""Limon"",""Argile""]","Non","Oui","Oui","Oui","Oui","Lente","Non"
"35","Callistemon citrinus","Rince bouteille pleureur","Myrtaceae","Oui","Nouvelle-Galles du Sud, Queensland, Victoria","Oui","Oui","Oui","Arbuste","Non","Non","Oui","Non","Habitat pour une grande gamme d'animaux - lézards, insectes, mammifères, oiseaux","Le nectar abondant contenu dans les fleurs servait aux aborigènes à réaliser un breuvage sucré. La racine de Callistemon citrinus produit un herbicide à base de leptospermone qui a servi de modèle à la création de l'herbicide mésotrione vendu sous le nom commercial Callisto.",NA,"Plante ornementale originale et peu exigente, adaptée aux situations ensoleillées. Floraison attractive pour les animaux. Peu d'entretien et maladies","Non","Feuillu","[""Dépôt de miellat""]"," chênes liège et vert,lavande,pistachier lentisque","Oui","[""Aucun""]","Non","Oui","Simple","Moyennement dense","Lancéolé ou ovale","Glabre","Petite","Persistant","Rouge","[""4"",""5"",""6""]","[""Apparence""]",NA,"Nombreuses petites capsules ligneuses, libération des graines par le feu","Non","Oui","7","Espèce allochtone","Fort",NA,"Abeilles, guepes, papillons","Oui","Moyen","Moyenne","Non","Oui","Exogène","Oui","[""Aucun""]","Non","Oui","Oui","Arrondi","Non","Aucun",NA,"Espèce non citée","Mésothermophile","Moyenne","Mésoxérophyte","Tolérant","Glycophyte tolérante","[""Sable"",""Limon"",""Argile""]","Non","Oui","Non","Non","Non","Moyenne","Non"
"36","Callistemon viminalis  G.Don","Callistemon pleureur","Myrtaceae","Oui","Australie: New South Wales , Queensland","Oui","Oui","Oui","Arbuste","Non","Oui","Oui","Non","Habitat pour une grande gamme d'animaux - lézards, insectes, mammifères, oiseaux","Quarante huiles essentielles sont tirées du genre Callistemon, possédant des propriétés insecticides et nématicides.",NA,"Il tolère mieux un sol mal drainé que d'autres espèces. Il s'adapte  à la sécheresse et aux conditions littorales. Sa floraison est spectaculaire.","Non","Feuillu","[""Dépôt de miellat""]"," chênes liège et vert,lavande,pistachier lentisque","Oui","[""Aucun""]","B-EVEE à l'étranger","Oui","Simple","Moyennement dense","Lancéolé ou ovale","Glabre","Petite","Persistant","Rouge vif","[""5"",""6""]","[""Apparence""]",NA,"La fructification se présente sous la forme d’un ensemble de capsules ligneuses de 4,5 à 6 mm de diamètre chacune, en forme de coupe avec un large orifice, de couleur gris-brun. Contrairement aux autres espèces de callistemons, elles ne sont pas persistantes et libèrent les graines la même année.","Non","Oui","10","Espèce allochtone","Fort",NA,"Abeilles  guepes, quelques papillons","Oui","Moyen","Moyenne","Oui","Oui","Exogène","Oui","[""Aucun""]","Non","Oui","Oui","Pleureur","Oui","Racines agressives",NA,"Espèce non citée","Mésothermophile","Faible","Mésoxérophyte","Intolérant","Glycophyte tolérante","[""Sable"",""Limon""]","Oui","Oui","Non","Non","Non","Moyenne","Non"
"37","Calluna vulgaris","Callune","Ericaceae","Oui","Eurasiatique","Oui","Oui","Oui","Sous-arbrisseau","Non","Oui","Oui","Oui","Plante mellifère, elle donne un miel caractéristique brun foncé, à saveur forte de caramel et à odeur très prononcée pour la fabrication de pain d’épice ou pour ses vertus thérapeutiques.","On récolte les grappes au début de l’épanouissement des fleurs que l’on peut utiliser fraîches ou bien séchées en décoction, pour leurs propriétés médicinales, diurétiques et antiseptiques. En pharmacie ou en herboristerie, on trouve également de la bruyère sous forme de gélules de poudre.",NA,"Petit arbuste couvre-sol aux rameaux érigés très graphiques et persistants. Sa floraison blanche à rose foncée marque la fin de l’été dans les lisières ou clairières forestières très ensoleillées. Cette espèce est emblématique des landes et pinèdes où elle prospère.","Non","Feuillu","[""Aucune""]","Bruyère arborescente, cyste, chêne pubescent, pins, genévrier","Non","[""Aucune""]","Non","Oui","Simple","Dense","Écaille","Limbe réduit","Petite","Persistant","Rose","[""7"",""8"",""9"",""10""]","[""Apparence""]",NA,"Petites capsules velues.","Non","Oui","1","Espèce autochtone","Fort",NA,NA,"Oui","Étroit","Courte","Non","Non","Indigène","Oui","[""Racines""]","Oui","Oui","Oui","Buissonnant","Non","Aucun","Traçant","Espèce citée dans plusieurs guides","Thermophile","Forte","Xérophyte","Tolérant","Glycophyte tolérante","[""Sable"",""Gravier/roches""]","Non","Oui","Non","Oui","Oui","Moyenne","Non"
"38","Calocedrus decurrens  Florin","Calocèdre, Cèdre à encens","Cupressaceae","Oui","Oregon","Oui","Oui","Non","Arbre","Non","Oui","Oui","Non","Attire les pollinisateurs","On se sert de son écorce comme encens.",NA,"Arbre persistant au port colonnaire élancé qui peut constituer un signal dans le paysage. Il peut être planté isolé ou en groupement. Son tronc rouge brun aromatique s’exfolie en plaque et en fait sa particularité.","Non","Conifère","[""Aucun""]","Pin ponderosa,sapin du Colorado,séquoia","Non","[""Fructification pouvant entraîner des dommages""]","Non","Non","Simple","Dense","Écaille","Glabre","Petite","Persistant","Jaune-vert","[""5"",""6""]","[""Non""]",NA,"Voir fleurs","Non","Oui","30","Espèce allochtone","Fort",NA,"Papillons - Callophrys nelsoni - papillons américain","Oui","Étroit","Record","Non","Non","Exogène","Oui","[""Aucun""]","Non","Non","Non","Colonnaire","Non","Racines agressives","Mixte","Espèce non citée","Thermophile","Très forte","Mésoxérophyte","Tolérant","Glycophyte intolérante","[""Sable"",""Limon"",""Argile""]","Oui","Non","Oui","Non","Non","Moyenne","Non"
"39","Capparis spinosa 'inermis'","Câprier","Capparaceae","Oui","Type chorologique : Paléosubtropical","Non","Oui","Oui","Arbrisseau","Non","Oui","Oui","Oui","Habitat du Piéride du câprier","On a utilisé aussi traditionnellement le câprier pour ses vertus médicinales : l’écorce des racines pour traiter les douleurs digestives ainsi que pour son action diurétique ; les boutons floraux comme laxatifs ; et en usage externe l’application des feuilles pour soulager les démangeaisons dues à des piqûres d’insectes ou à un urticaire.Les câpres sont très présentes dans les traditions culinaires méditerranéennes. Les fruits jeunes, ou caprons, sont également employés en condiment dans certains pays insulaires méditerranéens, ainsi que parfois les feuilles en salades.",NA,"Extrêmement robuste, le câprier pousse sans difficulté dans des sols pauvres et caillouteux. On peut même voir de jeunes câpriers pousser entre les roches des vieux murs.  Plante un peu capricieuse qui craint l'exces d'eau. On peut l'associer aux lavandes, romarins rampants, cistes et Globularia alypum pour décorer les zones arides et brûlantes","Non","Feuillu","[""Aucun""]","Figuier, chicorée, caprier commun","Non","[""Aucun""]","Non","Oui","Simple","Moyennement dense","Ronde","Cireuse","Petite","Persistant","Blanc ou rosé","[""6"",""7"",""8"",""9"",""10"",""11""]","[""Apparence""]",NA,"Usages possibles : comestibles","Oui","Oui","2","Espèce autochtone","Moyen",NA,"Piéride du câprier","Oui","Étroit","Moyenne","Non","Non","Indigène","Oui","[""Aucun""]","Oui","Oui","Oui","Buissonnant","Non","Aucun",NA,"Espèce citée dans un guide","Thermophile","Forte","Xérophyte","Intolérant","Glycophyte tolérante","[""Sable"",""Gravier/roches""]","Non","Non","Non","Oui","Oui","Lente","Oui"
"40","Carya illinoinensis  K.Koch","Pacanier","Juglandaceae","Oui","Etats Unis","Oui","Oui","Oui","Arbre","Non","Oui","Non","Oui","Sites de nidification","Arbre fruitier de grande taille, il donne de savoureux fruits secs appelés noix de pécan. Ces arbres produisent ainsi des drupes de couleur verte, brunissant, dont l'enveloppe est déhiscente. Le noyau contient une amande comestible et savoureuse. La production abondante a lieu en été et à l'automne.",NA,"Bel arbre d'ombrage à graines comestibles. Assez rustique, il peut être cultivé à condition d'avoir de la place.","Oui","Feuillu","[""Dépôt de miellat""]","Chevrefeuille du japon,érables negundo et argenté","Oui","[""Branches cassantes""]","Non","Oui","Composée","Dense","Lancéolé ou ovale","Poilue","Moyenne","Caduc","Vert","[""4"",""5""]","[""Non""]",NA,"Les noix sont comestibles, ovoïdes ou oblongues, marron brillant de 2,5 à 5 cm. de long, groupées en épis de 3 à 10 et tâchées de brun plus foncé.","Non","Oui","25","Espèce allochtone","Faible",NA,"Papillons  cicadellidae , aphidiae, diaspididae","Oui","Large","Très longue","Oui","Oui","Exogène","Oui","[""Aucun""]","Non","Non","Non","Arrondi","Oui","Aucun","Mixte","Espèce citée dans un guide","Thermophile","Moyenne","Résistant","Intolérant","Glycophyte intolérante","[""Sable"",""Limon""]","Oui","Non","Oui","Non","Non","Moyenne","Non"
"41","Casuarina cunninghamiana Miq.","Filao de Cunningham","Casuarinaceae","Oui","Australie","Oui","Oui","Oui","Arbre","Non","Oui","Oui","Oui","Ses graines attirent les oiseaux, c'est une nourriture pour la faune en général.  Les Casuarinas sont une ressource alimentaire pour les chenilles des Hepialidae ; celles du genre Aenetus , notamment A. lewinii et A. splendens, qui s'enfoncent horizontalement dans le tronc avant de descendre à la verticale. Endoclita malabaricus et l'agrotis se nourrissent  de Casuarina.","Attention au pollen du filao qui est allergène.",NA,"C'est un arbre sempervirent gracieux, à physionomie de conifère, à feuillage clair, bien adapté au bord de mer et à la sécheresse, aux sols pauvres, et aux inondations. Il a une croissance rapide. Possibilités de taille et de recépage. Symbioses racinaires permettant l’amélioration du sol. C'est un excellent coupe-vent.","Oui","Feuillu","[""Aucun""]","Eucalyptus camaldulensis,niaouli","Non","[""Chute d'arbre""]","A-EVEE à l'étranger","Oui","Simple","Ouvert","Écaille","Glabre","Petite","Persistant","Rouge-brun","[""7"",""8""]","[""Non""]",NA,"Les femelles donnant des fruits ligneux qui ressemblent à de petits cônes ornementés.","Non","Oui","25","Espèce allochtone","Fort",NA,"Papillons","Non","Moyen","Moyenne","Oui","Oui","Exogène","Oui","[""Feuilles""]","Non","Oui","Non","Colonnaire","Oui","Drageonnantes","Traçant","Espèce non citée","Thermophile","Moyenne","Mésoxérophyte","Tolérant","Glycophyte tolérante","[""Sable""]","Non","Non","Oui","Non","Oui","Moyenne","Non"
"42","Ceanothus X delilianus / arboreus / thyrsiflorus / griseus/ spinosus","Ceanothe","Rhamnaceae","Oui","Hybrides artificielsC. arboreus - Endémique CalifornieC. thyrsiflorus","Oui","Oui","Oui","Arbrisseau","Non","Non","Oui","Oui","Le céanothe est riche de nectar et de pollen et attire un grand nombre d’abeilles et autres insectes.",NA,NA,"Arbrisseau avec belle floraison. Il a une belle résistance à la sécheresse et à la pollution atmosphérique","Non","Feuillu","[""Aucun""]","Baguenaudier,itéa,styrax,raphiolepis","Non","[""Aucun""]","Non","Non","Simple","Dense","Lancéolé ou ovale","Cireuse","Petite","Persistant","Violet, bleu","[""4"",""5"",""6""]","[""Apparence""]",NA,"Capsules coriaces, contenant 4 graines","Non","Oui","4","Espèce allochtone","Fort",NA,"Toutes les espèces attirent beaucoup d'insectes","Oui","Étroit","Courte","Non","Oui","Exogène","Non","[""Aucun""]","Oui","Oui","Oui","Buissonnant","Non","Aucun","Pivotant","Espèce citée dans plusieurs guides","Thermophile","Moyenne","Mésoxérophyte","Tolérant","Glycophyte tolérante","[""Sable"",""Limon"",""Humus""]","Oui","Non","Non","Non","Non","Moyenne","Oui"
"43","Cedrus atlantica  Manetti ex Carrière","Cèdre de l'Atlas","Pinaceae","Oui","Massif de l'Atlas : Algérie, Maroc","Oui","Oui","Non","Arbre","Oui","Non","Non","Non","Les fleurs mâles réunies en chatons aux extrémités des branches libèrent leurs pollens dès octobre. Ils offrent de la nourriture à certaines larves de lépidoptères.","Le bois odorant du cèdre et sa résine ont eu un usage médicinal exploitant leurs vertus diurétiques, antiseptiques et sudorifiques sous diverses formes . Pour la parfumerie, on extrait du bois odorant et des aiguilles une huile essentielle et une résine. Les aiguilles ont aussi servi à nourrir les animaux tels que les chèvres.",NA,"Architecture majestueuse remarquable et facilement identifiable, le cèdre est mis en valeur par une situation isolée au centre d'un vaste espace. Cet arbre est emblématique des parcs du XVIII ème siècle. Sa tonalité bleu-vert se démarque des autres espèces.  Agé,  il prend un port déployé de parasol au sommet","Non","Conifère","[""Dépôt de miellat""]","Chênes vert et pubescent, pins pignon  et maritime","Non","[""Branches cassantes""]","EVEE","Oui","Composée","Moyennement dense","Aiguille","Glabre","Petite","Persistant","Jaune","[""9"",""10""]","[""Non""]",NA,"Cônes ovales à sommet applati, de 5 à 8cm","Oui","Oui","40","Invasive avérée","Fort",NA,NA,"Oui","Large","Record","Non","Non","Exogène","Oui","[""Aucun""]","Oui","Non","Non","Pyramidal","Non","Aucun","Pivotant","Espèce citée dans un guide","Thermophile","Très forte","Résistant","Tolérant","Glycophyte tolérante","[""Sable""]","Non","Non","Oui","Non","Non","Moyenne","Oui"
"44","Cedrus deodara  G.Don","Cèdre de l'Hymalaya","Pinaceae","Oui","Afghanistan","Oui","Oui","Non","Arbre","Oui","Oui","Non","Non","Les fleurs mâles réunies en chatons aux extrémités des branches libèrent leurs pollens dès octobre.  Ils offrent de la nourriture à certaines larves de lépidoptères.","Le bois odorant du cèdre et sa résine ont eu un usage médicinal exploitant leurs vertus diurétiques, antiseptiques et sudorifiques sous diverses formes . Pour la parfumerie, on extrait du bois odorant et des aiguilles une huile essentielle et une résine. Les aiguilles ont aussi servi à nourrir les animaux tels que les chèvres.",NA,"Architecture majestueuse remarquable et facilement identifiable, structurée en étagement plus marqué que l’espèce Cedrus atlantica pour cette caractéristique. Cet arbre est emblématique des parcs du XVIII ème siècle. Sa tonalité bleu-vert se démarque des autres espèces. Seul le cèdre de L'Himalaya conserve un port pyramidal lorsqu'il est âgé","Non","Conifère","[""Aucun""]","Pin de l'Himalaya","Non","[""Branches cassantes""]","Non","Oui","Composée","Moyennement dense","Aiguille","Glabre","Petite","Persistant","Gris","[""10"",""11""]","[""Non""]",NA,"Cône","Oui","Oui","50","Espèce allochtone","Fort",NA,NA,"Oui","Moyen","Record","Non","Non","Exogène","Oui","[""Aucun""]","Oui","Non","Non","Pyramidal","Non","Aucun","Mixte","Espèce non citée","Résistante","Moyenne","Résistant","Tolérant","Glycophyte tolérante","[""Sable"",""Limon""]","Non","Non","Oui","Non","Non","Moyenne","Oui"
"45","Cedrus libani A.Rich.","Cèdre du Liban","Pinaceae","Oui","Chypre","Oui","Oui","Non","Arbre","Oui","Oui","Non","Non","Les fleurs mâles réunies en chatons aux extrémités des branches libèrent leurs pollens dès octobre.  Ils offrent de la nourriture à certaines larves de lépidoptères.","Le bois odorant du cèdre et sa résine ont eu un usage médicinal exploitant leurs vertus diurétiques, antiseptiques et sudorifiques sous diverses formes . Pour la parfumerie, on extrait du bois odorant et des aiguilles une huile essentielle et une résine. Les aiguilles ont aussi servi à nourrir les animaux tels que les chèvres.",NA,"Architecture majestueuse remarquable et facilement identifiable, structurée en étagement plus marqué que l’espèce Cedrus atlantica pour cette caractéristique. Cet arbre est emblématique des parcs du XVIII ème siècle. Sa tonalité bleu-vert se démarque des autres espèces.  Agé,  il prend un port déployé de parasol au sommet","Non","Conifère","[""Aucun""]","Sapins,pin brutia,chênes doré de Chypre et d'Alep,chêne sessile et chevelu","Non","[""Branches cassantes""]","Non","Oui","Composée","Moyennement dense","Aiguille","Glabre","Petite","Persistant","Jaune","[""9"",""10""]","[""Non""]",NA,"Cônes ovales à sommet applatit, de 8 à 10cm, violacées puis grisâtres à maturité","Oui","Oui","20","Espèce allochtone","Fort",NA,"Cinara cedri, C.  laportei, Ceroplastes floridensis, Marchalina hellenica","Oui","Large","Record","Non","Non","Exogène","Oui","[""Aucun""]","Oui","Non","Non","Pyramidal","Non","Aucun","Pivotant","Espèce non citée","Mésothermophile","Forte","Résistant","Tolérant","Glycophyte tolérante","[""Sable"",""Limon""]","Non","Non","Oui","Non","Non","Moyenne","Oui"
"46","Celtis australis","Micocoulier de Provence","Cannabaceae","Oui","Circumboréale","Oui","Oui","Oui","Arbre","Oui","Non","Non","Oui","Les fruits restent sur les rameaux même l’hiver et sont appréciés des oiseaux et autres petits animaux.","Les drupes sont comestibles et légèrement sucrées mais sans grande valeur gastronomique. Ces micocoules contiennent chacune un gros noyau dont on peut extraire une huile semblable à l’huile d’amande douce.",NA,"Grand arbre au port majestueux à la couronne arrondie. Ses rameaux et son feuillage fins retombent en zigzagant. Le feuillage léger et aérien se pare d’une couleur jaune à l'automne, son écorce  grise lisse et son importante ramification sont remarquables en hiver. Son feuillage filtre la lumière et fournit une ombre douce, claire très agréable C’est une espèce emblématique des places et promenades méditerranéennes.","Oui","Feuillu","[""Aucun""]","Laurier sauce,chênes vert et liège,figuier commun,tamier commun,fragon petit houx,lierre","Non","[""Aucun""]","Non","Non","Simple","Dense","Lancéolé ou ovale","Poilue sur deux faces","Moyenne","Caduc","Verdâtres","[""4""]","[""Non""]",NA,"Drupes globuleuses de la grosseur d'un gros pois, brun violacé ; noyau orné de rugosités en réseau.","Oui","Oui","30","Espèce autochtone","Faible",NA,"Abeilles","Oui","Large","Record","Oui","Non","Indigène","Oui","[""Aucun""]","Oui","Non","Oui","Arrondi","Oui","Drageonnantes","Mixte","Espèce citée dans plusieurs guides","Thermophile","Forte","Mésoxérophyte","Tolérant","Glycophyte tolérante","[""Limon"",""Humus""]","Non","Oui","Oui","Oui","Non","Moyenne","Oui"
"47","Ceratonia siliqua","Caroubier","Fabaceae","Oui","Euméditerranéenne","Oui","Oui","Oui","Arbuste","Oui","Oui","Oui","Oui","Le caroubier est une plante mellifère intéressante à une période  où pollen et nectar se font rares.","Les graines produisent la gomme de caroube et les gousses délestées de leurs graines une farine.",NA,"Arbre au tronc massif typique de Méditerranée, il est apprécié pour son ombrage, et est  aussi cultivé pour ses fruits, les caroubes, aux usages multiples en cuisine comme en phytothérapie. Il pousse sur tout type de sol, même pauvre et sec, surtout bien drainé. Attention toutefois, il est peu rustique  et supprimer les rejets qu'il produit à la souche.","Oui","Feuillu","[""Aucun""]","Olivier, pistachier lentisque .","Non","[""Aucun""]","Non","Oui","Composée","Dense","Lancéolé ou ovale","Cireuse","Moyenne","Persistant","Vert","[""8"",""9"",""10""]","[""Apparence""]",NA,"Floraison : août à octobre ; fructification : juillet à août de l'année suivante.","Non","Oui","10","Espèce autochtone","Fort",NA,"Anthidiellum strigatum, Saissetia oleae","Oui","Moyen","Record","Oui","Oui","Indigène","Oui","[""Aucun""]","Oui","Oui","Oui","Arrondi","Oui","Aucun","Pivotant","Espèce citée dans plusieurs guides","Thermophile","Faible","Mésoxérophyte","Adapté","Glycophyte tolérante","[""Sable"",""Limon"",""Argile"",""Humus"",""Gravier/roches""]","Non","Oui","Oui","Oui","Non","Lente","Non"
"48","Cercis siliquastrum","Arbre de Judée","Fabaceae","Oui","Méditerranéenne orientale","Non","Oui","Oui","Arbre","Oui","Oui","Oui","Oui","Régal des oiseaux et particulièrement des mésanges qui apprécient ses graines, certains papillons l’utilisent pour nourrir leurs larves. L’écorce peut être broutée par les cerfs.","Ils permettent de lutter biologiquement contre un de leurs ravageurs : les psylles. En effet, la présence du psylle de l'arbre de Judée suscite la venue de punaises du genre Anthocoris  qui s'attaquent aussi aux autres psylles des arbres voisins.",NA,"Grand arbuste ou petit arbre au port érigé, très structuré, souvent pittoresque , il est emarquable au printemps par sa floraison rose abondante avant le feuillage vert bleuté qui apparaît parfois même sur le tronc et qui constitue un événement se prolongeant au sol en tapis. En hiver son architecture se révèle par son écorce très sombre et ses gousses plates. Il est évocateur du climat méditerranéen. Très populaire dans les  jardins/squares/parcs.","Oui","Feuillu","[""Aucun""]","Romarin, pistachier lentisque, prunelier, chêne vert","Oui","[""Aucun""]","Non","Oui","Simple","Moyennement dense","Ronde","Glabre","Moyenne","Caduc","Rose","[""3"",""4"",""5"",""6""]","[""Apparence""]",NA,"Gousses aplaties, minces, pendantes, pointues, de 8 x 1,5 cm, brun-rouge, contenant 10 à 15 graines ovoïdes, noires.","Non","Oui","10","Espèce autochtone","Faible",NA,"Abeilles","Oui","Moyen","Longue","Oui","Oui","Indigène","Oui","[""Aucun""]","Oui","Oui","Oui","Arrondi","Non","Aucun","Pivotant","Espèce citée dans plusieurs guides","Thermophile","Moyenne","Mésoxérophyte","Tolérant","Glycophyte tolérante","[""Sable"",""Limon"",""Argile"",""Humus""]","Oui","Oui","Oui","Oui","Non","Lente","Non"
"49","Chaenomeles japonica  Lindl. ex Spach","Cognassier du Japon","Rosaceae","Oui","Japon, Corée","Non","Oui","Oui","Arbrisseau","Non","Oui","Oui","Oui","Ses gros fruits sont comestibles, source de nourriture pour la faune. Le cognassier du Japon est intéressant pour les pollinisateurs car il offre une floraison précoce .","Les fruits aromatiques sont de couleur jaune vert parfois lavé de pourpre. De saveur un peu aigre et amère, ils sont cependant très parfumés et comestibles une fois cuits en gelée, mélangés à des poires ou des pommes ou pour constituer des liqueurs.",NA,"Le Cognassier du Japon, est  utilisé comme arbuste ornemental donnant entre février et avril une magnifique floraison rouge vif ou rose selon les variétés. Dans les Pays Baltes, il est cultivé pour ses fruits. Attractif pour les pollinisateurs","Non","Feuillu","[""Epines""]","Jujubier, pommier sauvage,margousier","Non","[""Fructification pouvant entraîner des dommages""]","Alerte","Oui","Simple","Moyennement dense","Lancéolé ou ovale","Glabre","Moyenne","Caduc","Rouge","[""3"",""4""]","[""Apparence""]",NA,"Rond et aplati, ridé, forte senteur, ornemental  et comestible","Non","Oui","3","Invasive potentielle","Moyen",NA,NA,"Oui","Moyen","Longue","Non","Oui","Exogène","Oui","[""Aucun""]","Non","Oui","Oui","Arrondi","Non","Drageonnantes","Cœur","Espèce citée dans un guide","Résistante","Forte","Résistant","Intolérant","Glycophyte tolérante","[""Sable"",""Limon""]","Non","Non","Oui","Non","Non","Lente","Oui"
"50","Chamaecyparis Lawsoniana  Parl.","Cyprès de Lawson","Cupressaceae","Non","Californie, Oregon","Oui","Non","Non","Arbre","Non","Oui","Oui","Oui","Ils ne fournissent aucune nourriture aux oiseaux comme aux insectes butineurs","Le contact de la peau avec le feuillage des chamaecyparis peut entraîner des réactions allergiques cutanées chez certaines personnes",NA,"Dans son aire d’origine, le Cyprès de Lawson est retrouvé dans des stations présentant une importante hygrométrie ou des sols avec une bonne alimentation eneau.","Non","Conifère","[""Aucun""]","Séquoia,sapin du colorado,épicéa de Sitka,pruche de l'Ouest","Non","[""Chute d'arbre""]","Non","Oui","Composée","Dense","Écaille","Glabre","Petite","Persistant","Rose à rouge","[""4"",""5"",""6""]","[""Non""]",NA,"Cones ronds de 10mm de diamètre","Oui","Oui","40","Espèce allochtone","Fort",NA,NA,"Non","Moyen","Record","Non","Non","Exogène","Oui","[""Aucun""]","Non","Non","Non","Pyramidal","Non","Aucun","Traçant","Espèce non citée","Intolérante","Moyenne","Résistant","Tolérant","Glycophyte intolérante","[""Sable"",""Limon"",""Argile""]","Non","Non","Oui","Non","Non","Moyenne","Oui"
"51","Chimonanthus praecox  Link","Chimonanthe","Calycanthaceae","Oui","Chine centrale , Chine du Sud-Est","Non","Oui","Oui","Arbrisseau","Non","Oui","Oui","Non","Le chimonanthe est un arbuste demandant très peu d'entretien dont la floraison très précoce sert de nourriture aux insectes butineurs.","Ses fruits renferment un alcaloïde toxique la calycanthine qui provoque des convulsions.Cependant, les racines, les feuilles, les fleurs et les graines de Chimonanthus praecox sont utilisées en médecine chinoise.",NA,"Le chimonanthe est un arbuste rare apprécié pour sa floraison de début d’hiver très parfumée. Ses rameaux nus se ponctuent de clochettes jaune pourpre.","Non","Feuillu","[""Aucun""]","Chêne pubescent, tilleul, cêdre du liban,clématite","Non","[""Fructification pouvant entraîner des dommages""]","Non","Oui","Simple","Ouvert","Lancéolé ou ovale","Poilue","Grande","Caduc","Jaune, beige, intérieur rouge brun","[""1"",""2"",""3""]","[""Parfum""]",NA,"Les fruits sont des akènes en ellipses, renfermant des graines toxiques.","Non","Oui","4","Espèce allochtone","Moyen",NA,"Mouches, abeilles","Oui","Moyen","Longue","Oui","Oui","Exogène","Oui","[""Graines""]","Non","Oui","Oui","Étalé","Non","Aucun","Mixte","Espèce non citée","Mésothermophile","Très forte","Résistant","Intolérant","Halophyte facultative","[""Sable"",""Limon""]","Oui","Non","Non","Non","Oui","Lente","Non"
"52","Choisya ternata Kunth.","Oranger du Mexique","Rutaceae","Oui","Mexique Central, Mexique Golfe, Mexique Nord-Est, Mexique Sud-Ouest","Non","Oui","Oui","Arbrisseau","Non","Non","Non","Non","Leur odeur et leur nectar sont très appréciés des papillons et des abeilles","Les feuilles contiennent de la quinoléine, un composé organique qui sert notamment de colorant naturel jaune  pour l'alimentation, de conservateur alimentaire, de désinfectant.",NA,"Bel arbuste adapté aux zones ombragées, à feuillage vert brillant et floraison blanche, parfumée, de longue durée","Non","Feuillu","[""Aucun""]","Églantier,houblon","Oui","[""Aucun""]","Non","Oui","Composée","Dense","Palmilobé","Cireuse","Moyenne","Persistant","Blanc","[""5"",""6"",""7""]","[""Apparence""]",NA,"Fructification en capsules, rare [VT}","Non","Oui","2.5","Espèce allochtone","Moyen",NA,"Abeilles, papillons","Oui","Moyen","Longue","Non","Oui","Exogène","Oui","[""Aucun""]","Non","Oui","Oui","Arrondi","Oui","Aucun","Traçant","Espèce citée dans un guide","Résistante","Moyenne","Résistant","Intolérant","Glycophyte tolérante","[""Sable"",""Limon""]","Non","Oui","Non","Non","Non","Lente","Non"
"53","Cinnamomum camphora  J.Presl","Camphrier","Lauraceae","Oui","Japon , Taiwan","Oui","Oui","Oui","Arbre","Non","Oui","Oui","Oui","Les fruits attirent les oiseaux: ce sont de petites baies de la grosseur d’un pois chiche, noires à maturité, portées sur un réceptacle en coupe. Les fruits sont un peusalissants et sont dispersés par les oiseaux.","Chaque partie de cet arbre fleure bon le camphre pour peu que l'on frotte doucement tronc, feuilles, fruits. Les vapeurs de feuilles vertes infusées dégagent naturellement les bronches, calment les maux de gorge. Une huile essentielle vendue sous le nom de Ravintsara, permettrait de soigner des problèmes respiratoires",NA,"Arbre au feuillage très décoratif, il est utilisé en alignement dans sa zone de répartition d'origine, mais sera plutôt utilisé comme sujet isolé, bosquet, ou haie haute sous nos latitudes. Il requiert une température d’au moins 5°C avec son port dressé puis étalé avec les années. Esthétique   avec des branches fortes, il est bon pour la faune. Feuilles odorantes","Oui","Feuillu","[""Fruits salissants""]","Aulne glutineux,liquidambar","Non","[""Aucun""]","A-EVEE à l'étranger","Oui","Simple","Moyennement dense","Lancéolé ou ovale","Cireuse","Moyenne","Persistant","Blanc-jaune","[""4"",""5""]","[""Parfum""]",NA,"Petites baies de la grosseur d’un pois chiche, noires à maturité, portées sur un réceptacle en coupe. Les fruits sont un peu salissants.  Dispersion par les oiseaux","Non","Oui","40","Espèce allochtone","Fort",NA,"Pollinisé par mouches. Pollen? ","Oui","Large","Record","Non","Oui","Exogène","Oui","[""Fruits"",""Feuilles"",""Racines""]","Oui","Oui","Oui","Arrondi","Oui","Racines agressives","Traçant","Espèce citée dans un guide","Mésothermophile","Moyenne","Résistant","Tolérant","Glycophyte tolérante","[""Sable"",""Limon""]","Non","Non","Oui","Non","Oui","Moyenne","Non"
"54","Cistus albidus","Ciste cotonneux","Cistaceae","Oui","Ouest-méditerranéenne","Oui","Oui","Oui","Arbrisseau","Non","Oui","Oui","Non","Les fleurs attirent abeilles, papillons et autres insectes assurant ainsi une pollinisation entomogame",NA,NA,"Le ciste cotonneux doit son nom à l’aspect de ses feuilles, couvertes d’une feutrine végétale. C’est  d’ailleurs en raison de cette apparence qu’il est aussi appelé ciste blanc, malgré ses spectaculaires fleurs roses, observables de mai à juin, qui font penser à du crépon.","Non","Feuillu","[""Aucun""]","Nerprun, chêne kermès, romarin, bruyères -","Oui","[""Aucun""]","Non","Oui","Simple","Dense","Lancéolé ou ovale","Poilue sur deux faces","Moyenne","Persistant","Rose vif à pourpre","[""5"",""6""]","[""Apparence""]",NA,"Capsules ovoïdes, velues, plus courtes que les sépales.","Non","Oui","1","Espèce autochtone","Fort",NA,NA,"Oui","Étroit","Moyenne","Non","Oui","Indigène","Oui","[""Aucun""]","Oui","Oui","Oui","Buissonnant","Oui","Aucun",NA,"Espèce citée dans plusieurs guides","Thermophile","Forte","Xérophyte","Tolérant","Glycophyte tolérante","[""Sable"",""Limon"",""Argile"",""Humus"",""Gravier/roches""]","Oui","Oui","Non","Non","Non","Moyenne","Oui"
"55","Cistus laurifolius","Ciste à feuilles de Laurier","Cistaceae","Oui","Ouest- et est-méditerranéenne","Oui","Oui","Oui","Arbrisseau","Non","Oui","Non","Non",NA,NA,NA,"Arbrisseau vigoureux à grandes feuilles très décoratives, épaisses, vert sombre. Les jeunes pousses sont très collantes et aromatiques.La floraison est tardive : grandes fleurs blanches abondantes de 5 à 6 cm de diamètre. Les fleurs sont précédées par des boutons allongés rouges vifs, très ornementaux, qui apparaissent plusieurs semaines avant la floraison. Il attire les hyménoptères et a une croissance rapide.","Non","Feuillu","[""Aucun""]","Lavande, bruyère, chêne vert","Non","[""Aucun""]","Non","Oui","Simple","Dense","Lancéolé ou ovale","Cireuse et poilue","Moyenne","Persistant","Blanc à onglet jaune","[""6"",""7"",""8""]","[""Apparence""]",NA,"Capsules globuleuses à 5 loges, très velues ; graines tuberculeuses sur les angles.","Non","Oui","2","Espèce autochtone","Très fort",NA,NA,"Oui","Étroit","Moyenne","Non","Oui","Indigène","Oui","[""Aucun""]","Oui","Oui","Oui","Buissonnant","Oui","Aucun",NA,"Espèce citée dans plusieurs guides","Thermophile","Forte","Xérophyte","Tolérant","Glycophyte tolérante","[""Sable"",""Limon"",""Argile"",""Humus"",""Gravier/roches""]","Non","Non","Non","Non","Non","Moyenne","Oui"
"56","Cistus monspeliensis","Ciste de Montpellier","Cistaceae","Oui","Ouest-méditerranéenne","Oui","Oui","Oui","Arbrisseau","Non","Oui","Oui","Non",NA,NA,NA,"Peu exigeante, elle colonise les terrains dégradés car elle s'adapte parfaitement aux conditions difficiles des sols pauvres de la garrigue. Elle est pyrophyte, car elle se régénère après les incendies, le passage du feu  favorise la germination de ses graines.","Non","Feuillu","[""Aucun""]","Lavande, bruyère, chêne vert, chêne liège","Non","[""Aucun""]","Non","Oui","Simple","Moyennement dense","Lancéolé ou ovale","Cireuse sur deux faces","Petite","Persistant","Blanche","[""5"",""6""]","[""Apparence""]",NA,"Capsules arrondies à 5 loges, presque glabres, 2-3 fois plus courtes que le calice ; graines un peu rugueuses.","Non","Oui","2","Espèce autochtone","Très fort",NA,NA,"Oui","Étroit","Moyenne","Non","Oui","Indigène","Oui","[""Aucun""]","Oui","Oui","Oui","Buissonnant","Oui","Aucun",NA,"Espèce citée dans plusieurs guides","Thermophile","Forte","Xérophyte","Tolérant","Glycophyte tolérante","[""Sable"",""Limon"",""Argile"",""Humus"",""Gravier/roches""]","Non","Non","Non","Oui","Non","Moyenne","Oui"
"57","Cistus salviifolius","Ciste à feuilles de Sauge","Cistaceae","Oui","Méditerranéo-atlantique","Oui","Oui","Oui","Sous-arbrisseau","Non","Oui","Oui","Oui","Dispersée par les animaux.",NA,NA,"Cet arbrisseau montre une végétation très ramifiée, un port en boule dense plus ou moins étalée et porte des petites feuilles persistantes rugueuses, d'un vert sombre grisâtre. Sa floraison printanière évoquant des églantines est d'une couleur très douce, blanc-ivoire. Cette espèce de sous-bois sec se distingue par sa meilleure tolérance à l'ombre et à la concurrence racinaire.","Non","Feuillu","[""Aucun""]","Lavande, bruyère, chêne vert, chêne liège","Oui","[""Aucun""]","Non","Oui","Simple","Moyennement dense","Lancéolé ou ovale","Poilue sur deux faces","Petite","Persistant","Blanche","[""4"",""5"",""6""]","[""Apparence""]",NA,"Capsules à 5 angles, tronquées au sommet.","Non","Oui","1","Espèce autochtone","Très fort",NA,"Oui","Oui","Étroit","Moyenne","Non","Oui","Indigène","Oui","[""Aucun""]","Oui","Oui","Oui","Buissonnant","Oui","Aucun",NA,"Espèce citée dans plusieurs guides","Thermophile","Forte","Mésoxérophyte","Tolérant","Glycophyte tolérante","[""Sable"",""Limon"",""Argile"",""Humus"",""Gravier/roches""]","Oui","Oui","Non","Non","Non","Moyenne","Oui"
"58","Citrus spp","Agrumes","Rutaceae","Oui","Origines diverses selon espèces. Assam, Bangladesh, archipel de Bismarck, Bornéo, Cambodge, Chine du Nord-Central, Chine du Sud-Central, Chine du Sud-Est, Himalaya oriental, Hainan, Japon, Jawa, Laos, îles de la Petite Sonde, Malaya, Maluku, Myanmar, Nansei-shoto, Népal, Nouvelle-Calédonie, Nouvelle-Guinée, Nouvelle-Galles du Sud, îles Nicobar, Territoire du Nord, Philippines, Queensland, îles Salomon, Australie-Méridionale, Sulawesi, Sumatera, Taïwan, Thaïlande, Vietnam, îles Wallis-Futuna, Himalaya occidental.","Non","Oui","Oui","Arbuste","Non","Oui","Non","Oui","Les arbres fruitiers sont très mellifères. Et donc attractifs avec leurs fleurs odorantes","Les agrumes sont renommés pour leur teneur en vitamine C alors que d'autres fruits et légumes en contiennent bien plus à l'instar du persil, du cassis, du poivron ou du kiwi. Attention la peau du fruit et les parties vertes peuvent être toxiques pour les chiens/chats","Origines diverses selon espèces et variétés","Arbustes toujours verts au feuillage lustré, attractifs pour les fleurs odorantes . Il est extrêmement compliqué de différencier les cultivars voire les espèces entre elles du fait de la grande facilité d'hybridation que possèdent les agrumes.","Non","Feuillu","[""Brûlures""]","Goyavier,laurier-tin,laurier-rose","Non","[""Fructification pouvant entraîner des dommages""]","Non","Oui","Simple","Dense","Lancéolé ou ovale","Glabre","Moyenne","Persistant","Blanc","[""3"",""4"",""5"",""6""]","[""Les deux""]",NA,"Baie avec une écorce aromatique","Non","Oui","10","Espèce allochtone","Moyen",NA,"Hyménoptère , diptères, aphelinidae  ","Oui","Étroit","Moyenne","Non","Non","Exogène","Oui","[""Aucun""]","Oui","Oui","Oui","Arrondi","Oui","Aucun","Traçant","Espèce citée dans un guide","Mésothermophile","Faible","Résistant","Tolérant","Glycophyte intolérante","[""Sable"",""Limon""]","Oui","Non","Oui","Non","Non","Moyenne","Non"
"59","Clematis armandi Franch.","Clématite d'Armand","Ranuculaceae","Oui","Chine Nord-Centrale, Chine Sud-Centrale, Chine Sud-Est, Myanmar, Tibet, Vietnam","Non","Oui","Oui","Liane","Non","Oui","Oui","Non","Tapissant les murs, une plante Liane constitue des habitats intéressants pour la faune",NA,NA,"Liane ornementale à feuillage persisitant et grandes feuilles coriaces, surtout cultivée pour ses fleurs précoces. Conduite facile et croissance vigoureuse","Non","Feuillu","[""Aucun""]","Bruyère arborescente, romarin, chêne vert","Non","[""Aucun""]","Non","Oui","Composée","Moyennement dense","Lancéolé ou ovale","Cireuse","Moyenne","Persistant","Blanc","[""2"",""3"",""4""]","[""Les deux""]",NA,"Akène elliptique, comprimé, poilu, terminé par un style persistant, plumeux et long.","Non","Oui","9","Espèce allochtone","Moyen",NA,"Papillons nectar et hôte","Oui","Moyen","Longue","Non","Oui","Exogène","Oui","[""Feuilles""]","Oui","Oui","Oui","Liane","Oui","Aucun","Cœur","Espèce citée dans un guide","Mésothermophile","Moyenne","Résistant","Intolérant","Glycophyte tolérante","[""Sable"",""Limon"",""Humus""]","Oui","Non","Non","Oui","Oui","Rapide","Non"
"60","Clematis flammula","Clématite flammette","Ranunculaceae","Oui","Circumméditerranéenne","Non","Oui","Oui","Liane","Non","Oui","Non","Oui","Tapissant les murs, une plante liane constitue des habitats intéressants pour la faune",NA,NA,"Liane qui apprécie  un sol riche et un support ensoleillé, sauf pour le pied qu'il est préférable de maintenir à l'ombre. A privilégier pour la conception d'un jardin sans allergie. Plante, très parfumée, hauteur à maturité 6 m, largeur à maturité 1 m, couleur de floraison blanc, mois de floraison de juillet à septembre,","Non","Feuillu","[""Aucun""]","Bruyère arborescente, romarin, chêne vert","Non","[""Aucun""]","Non","Oui","Composée","Moyennement dense","Lancéolé ou ovale","Glabre","Petite","Persistant","Blanche","[""6"",""7"",""8"",""9""]","[""Les deux""]",NA,"Carpelles comprimés à arrête plumeuse, fixés sur un réceptacle glabre.","Non","Oui","5","Espèce autochtone","Moyen",NA,NA,"Oui","Étroit","Longue","Non",NA,"Indigène","Oui","[""Feuilles""]","Oui","Oui","Oui","Liane","Oui","Aucun","Cœur","Espèce citée dans plusieurs guides","Thermophile","Forte","Xérophyte","Intolérant","Glycophyte tolérante","[""Sable"",""Limon"",""Humus""]","Oui","Non","Non","Oui","Oui","Rapide","Non"
"61","Clematis vitalba","Clématite des haies ou clématite vigne-blanche","Ranunculaceae","Oui","Distribution géographique  : Sud-Ouest de l'Europe, Europe, Centre ou Nord de l'Europe, Sud ou Sud-Est de l'Europe ou Proche-Orient ou Asie Mineure, Balkans ou Bassin méditerranéen ou Caucase ou Turquie.","Oui","Oui","Oui","Liane","Non","Oui","Non","Oui","Très parfumées et mellifères. Elle est suivie par la formation de fruits caractéristiques, plumeux, argentés et soyeux, très décoratifs.",NA,NA,"La clématite des haies est tellement vigoureuse qu'elle rivalise avec les vignes grimpantes nécessitant un support ajouré indépendant de la façade    La tige principale peut mesurer jusqu'à 10 cm de diamètre sur une plante âgée. Elle nourrit et protège de nombreux insectes et animaux.","Oui","Feuillu","[""Brûlures""]","Chênes vert et pubescent, laurier-tin","Non","[""Aucun""]","Non","Oui","Composée","Moyennement dense","Lancéolé ou ovale","Glabre","Moyenne","Caduc","Blanc","[""6"",""7"",""8"",""9""]","[""Les deux""]",NA,"Akènes généralement par plus de 10, à style plumeux dépassant souvent 3 cm à maturité, couvert de poils d'abord apprimés et brillants, puis étalés et pelucheux.","Non","Oui","15","Espèce autochtone","Moyen",NA,NA,"Oui","Large","Longue","Non","Non","Indigène","Oui","[""Sève""]","Oui","Non","Oui","Liane","Non","Aucun","Cœur","Espèce citée dans plusieurs guides","Mésothermophile","Forte","Mésoxérophyte","Intolérant","Halophyte facultative","[""Sable"",""Limon""]","Non","Non","Non","Non","Oui","Rapide","Oui"
"62","Colutea arborescens","Baguenaudier commun","Fabaceae","Oui","Supraméditerranéenne","Non","Oui","Oui","Arbrisseau","Non","Oui","Oui","Oui","Nourriture importante pour les chenilles de nombreux papillons",NA,NA,"Arbuste de taille moyenne à l’allure ébouriffée, aux rameaux aérés et feuillage léger. Il se remarque par sa floraison en panicules jaunes d’or à la fin du printemps suivi de gousses décoratives rougeâtres.","Non","Feuillu","[""Aucun""]","Viorne lantane, arbre à perruque, amélanchier, chêne pubescent, cornouiller","Non","[""Aucun""]","Non","Oui","Composée","Ouvert","Lancéolé ou ovale","Glabre","Petite","Caduc","Jaune tachée de brun","[""5"",""6"",""7"",""8""]","[""Apparence""]",NA,"Fruits en vessie renflée, très caractéristiques.","Non","Oui","6","Espèce autochtone","Moyen",NA,NA,"Oui","Étroit","Courte","Non","Oui","Indigène","Oui","[""Graines""]","Oui","Oui","Oui","Buissonnant","Non","Aucun",NA,"Espèce citée dans plusieurs guides","Thermophile","Forte","Xérophyte","Tolérant","Glycophyte tolérante","[""Sable"",""Limon""]","Non","Oui","Non","Non","Oui","Moyenne","Non"
"63","Coriaria myrtifolia","Corroyère","Coriariaceae","Oui","Ouest-méditerranéenne","Oui","Non","Oui","Arbrisseau","Non","Non","Non","Non","Pollinisée par les insectes ; dispersée par les oiseaux, mais plante très toxique  et rendant les chèvres ivres.","Toutes les parties de la plante contiennent une lactone sesquiterpénique, la coriamyrtine, à propriétés convulsivantes rappelant celles de la strychnine, mais ce sont surtout les fruits charnus qui posent des problèmes à cause de leur aspect appétissant.",NA,"Arbuste qui peut s'intégrer dans une haie libre ou être planté isolé pour profiter de son port élégant. A partir de mai s'épanouissent de petites fleurs verdâtres insignifiantes, réunies en grappes axillaires et terminales. Elles sont suivies de fruits noirs, décoratifs, charnus, qui ne sont pas sans rappeler une baie, mais qui sont vénéneux.","Non","Feuillu","[""Aucun""]","Argousier, romarin, chênes vert et pubescent, aphyllanthe de Montpellier","Non","[""Aucun""]","Non","Oui","Simple","Moyennement dense","Lancéolé ou ovale","Cireuse","Petite","Caduc","Verdâtre","[""5"",""6"",""7""]","[""Non""]",NA,"Petits fruits noirs, luisants à maturité, avec 5 carpelles étalés en étoile.","Non","Oui","3","Espèce autochtone","Moyen",NA,NA,"Oui","Étroit","Moyenne","Non","Non","Indigène","Non","[""Fruits""]","Non","Non","Oui","Buissonnant","Non","Aucun",NA,"Espèce citée dans plusieurs guides","Mésothermophile","Moyenne","Xérophyte","Tolérant","Glycophyte tolérante","[""Sable"",""Limon""]","Non","Non","Non","Non","Oui","Moyenne","Non"
"64","Cornus mas","Cornouiller mâle","Cornaceae","Oui","Distribution géographique  :  Sud de l'Europe, Ouest de l'Asie.","Oui","Oui","Oui","Arbuste","Non","Oui","Oui","Oui","Le nectar du cornouiller mâle est très abondant, et la période de floraison le rend très utile pour nourrir le couvain mais aussi pour favoriser le démarrage des colonies de bourdons.Accessoirement, les fruits du cornouiller sont appréciés par de nombreux oiseaux.","Les fruits riches en vitamine C sont considérés comme l'aliment principal pour lutter contre le vieillissement.  Ils sont donc comestibles .",NA,"Arbuste dense au feuillage vert vif persistant jusqu’au milieu de l’automne. Ses rameaux sont jaunes verts au printemps. Sa floraison jaune abondante au printemps est suivie de baies rouges décoratives et comestibles si celui-ci n’a pas subi de taille en forme. Peu exigeant, il convient dans diverses situations pour apporter un caractère champêtre aux espaces en associations avec d’autres espèces locales et apporter un effet brise-vent.","Oui","Feuillu","[""Aucun""]","Viorne lantane, arbre à perruque, berbéris commun, buis, génévriers, baguenaudier, chêne pubescent","Oui","[""Aucun""]","Non","Oui","Simple","Dense","Lancéolé ou ovale","Glabre","Moyenne","Caduc","Jaune","[""2"",""3""]","[""Apparence""]",NA,"Usages possibles : fruitiers ;  comestibles","Oui","Oui","6","Espèce autochtone","Moyen",NA,NA,"Oui","Moyen","Moyenne","Non","Oui","Indigène","Oui","[""Aucun""]","Oui","Oui","Oui","Arrondi","Oui","Aucun","Traçant","Espèce citée dans plusieurs guides","Mésothermophile","Forte","Mésoxérophyte","Tolérant","Glycophyte tolérante","[""Sable"",""Limon""]","Oui","Non","Oui","Non","Non","Moyenne","Oui"
"65","Cornus sanguinea","Cornouiller sanguin","Cornaceae","Oui","Distribution géographique  : Europe, Ouest de l'Asie.","Oui","Oui","Oui","Arbuste","Non","Oui","Oui","Oui","Les baies attirent les oiseaux.","Les baies peuvent être consommées crues ou cuites. Avec un goût amer prononcé, elles peuvent aussi avoir un effet vomitif .L'écorce est astringente et fébrifuge, elle est utilisée en homéopathie pour traiter les fièvres.",NA,"Arbuste à l’allure érigée et buissonnante et à silhouette représentative des haies champêtre et sous-bois. Sa floraison blanche à la fin du printemps est suivie de fruits noirs décoratifs. Il est remarquable en automne où son feuillage se pare d’une teinte rouge puis en hiver ou ses rameaux orangés à rouges érigés très graphiques se révèlent. Evocateur d’ambiance champêtre et forestière il est recommandé en association de haies brise-vents.","Oui","Feuillu","[""Aucun""]","Viorne lantane, arbre à perruque, berbéris commun, buis, génévriers, baguenaudier, chêne pubescent","Non","[""Aucun""]","Non","Oui","Simple","Moyennement dense","Lancéolé ou ovale","Glabre","Moyenne","Caduc","Blanc","[""5"",""6""]","[""Apparence""]",NA,"Usages possibles : fruits décoratifs","Oui","Oui","3","Espèce autochtone","Moyen",NA,NA,"Oui","Étroit","Moyenne","Non","Oui","Indigène","Oui","[""Aucun""]","Oui","Oui","Oui","Buissonnant","Oui","Aucun","Traçant","Espèce citée dans plusieurs guides","Mésothermophile","Forte","Mésoxérophyte","Tolérant","Glycophyte tolérante","[""Sable"",""Limon""]","Non","Non","Oui","Oui","Non","Moyenne","Oui"
"66","Coronilla glauca","Coronille glauque","Fabaceae","Oui","Ouest- et centro-méditerranéenne.","Oui","Oui","Oui","Arbrisseau","Non","Oui","Oui","Non","Pollinisée par les insectes ; dispersée par les animaux.","Graines toxiques",NA,"Résistante au sec, au calcaire, elle forme facilement un petit arbuste compact. Idéale en rocaille, bordure, haie, massif","Non","Feuillu","[""Aucun""]","Chêne vert, romarin, pistachier térébinthe","Non","[""Aucun""]","Non","Oui","Composée","Moyennement dense","Ronde","Cireuse","Petite","Semi-persistant","Jaune","[""3"",""4"",""5"",""6""]","[""Apparence""]",NA,"Gousses courtes, pendantes, droites, composées de 1 à 3 articles courts.","Oui","Oui","2","Espèce autochtone","Moyen",NA,NA,"Oui","Étroit","Courte","Non","Oui","Indigène","Oui","[""Graines""]","Oui","Oui","Oui","Buissonnant","Oui","Aucun","Cœur","Espèce citée dans plusieurs guides","Thermophile","Forte","Xérophyte","Tolérant","Glycophyte tolérante","[""Sable"",""Limon"",""Argile"",""Humus"",""Gravier/roches""]","Non","Oui","Non","Non","Oui","Moyenne","Oui"
"67","Coronilla juncea","Coronille à tige de jonc","Fabaceae","Oui","Ouest-méditerranéenne","Oui","Oui","Oui","Arbrisseau","Non","Oui","Oui","Non","Pollinisée par les insectes ; dispersée par les animaux.","Graines toxiques",NA,"Elle s'épanouit aussi bien au soleil qu'à l'ombre légère ou même à l'ombre plus marquée en région chaude et supporte assez bien la concurrence des racines des vieux arbres.","Non","Feuillu","[""Aucun""]","Romarin, chêne vert, aphylanthe de Montpellier, épine noire","Non","[""Aucun""]","Non","Oui","Composée","Ouvert","Lobée","Cireuse","Petite","Caduc","Jaune vif","[""4"",""5"",""6""]","[""Apparence""]",NA,"Gousses pendantes, légèrement incurvées, composées de 2 à 7 articles quadrangulaires.","Oui","Oui","2","Espèce autochtone","Moyen",NA,NA,"Oui","Étroit","Courte","Non","Oui","Indigène","Oui","[""Graines""]","Oui","Oui","Oui","Buissonnant","Oui","Aucun","Cœur","Espèce citée dans plusieurs guides","Thermophile","Forte","Xérophyte","Tolérant","Glycophyte tolérante","[""Sable"",""Limon"",""Argile"",""Humus"",""Gravier/roches""]","Non","Oui","Non","Non","Oui","Moyenne","Oui"
"68","Corylus avellana L.","Noisetier commun","Corylacées","Oui","Eurasiatique","Oui","Oui","Oui","Arbuste","Non","Oui","Oui","Oui","Il est pollinisé grâce au vent et son pollen ne devrait normalement pas concerner les insectes. Cependant les ressources en pollen sont rares à son époque de floraison et le sien, bien que de qualité médiocre, est activement recherché par les insectes qui hivernent sous leur forme adulte. Ce sont uniquement les chatons mâles longs et pendants qui intéressent les abeilles. La floraison a lieu en février-mars.","La récolte des noisettes fraîches débute en juillet.Celle des noisettes sèches se fait lorsque les fruits deviennent bruns et qu'ils se détachent de leur involucre.",NA,"Arbuste aux rameaux droits partant de la base. Ses chatons jaunes apparaissent en hiver avant la feuillaison dense. Elle est suivie d’une production de noisettes consommables à l’automne. Le feuillage jaune d’or en automne est d’un bel effet. Il offre un bel ombrage ainsi qu’une ambiance champêtre et forestière que cela soit en plantation en bosquet ou en isolé, en association à d’autres arbres en sous-bois, en lisière.","Oui","Feuillu","[""Aucun""]","Viorne lantane, épine noire, lierre, houx, charme, genêt à balai, chèvrefeuille des bois, alisier torminal, garance voyageuse, néflier","Non","[""Aucun""]","Non","Oui","Simple","Moyennement dense","Ronde","Poilue","Moyenne","Caduc","Jaunâtre","[""1"",""2"",""3""]","[""Non""]",NA,"Fruits  enveloppés dans des bractées foliacées incisées au sommet; noisettes comestibles, variétés améliorées pour la production de fruits","Non","Oui","5","Espèce autochtone","Moyen",NA,NA,"Oui","Moyen","Courte","Non","Oui","Indigène","Oui","[""Aucun""]","Oui","Oui","Oui","Buissonnant","Non","Drageonnantes","Traçant","Espèce citée dans plusieurs guides","Résistante","Forte","Mésophyte","Tolérant","Glycophyte intolérante","[""Sable"",""Limon"",""Argile"",""Humus""]","Oui","Oui","Oui","Oui","Non","Moyenne","Non"
"69","Cotinus coggygria","Arbre à perruque","Anacardiaceae","Oui","Eurasiatique, subméditerranéenne","Non","Oui","Oui","Arbrisseau","Non","Oui","Oui","Oui","Teneur en pollen et en nectar importante, espèce mellifère.",NA,NA,"Arbuste remarquable pour ses inflorescences jaunes en panicule qui se transforment en panache plumeux. Sa couleur automnale orange à rouge vif est remarquable.","Non","Feuillu","[""Aucun""]","Chênes vert et pubescent, épine noire, viorne lantane, berbéris commun, buis, cornouiller, génévrier","Non","[""Aucun""]","Non","Oui","Simple","Dense","Ronde","Glabre","Moyenne","Caduc","Jaunâtre","[""5"",""6"",""7""]","[""Apparence""]",NA,"Drupes ridées, brunes et luisantes.","Oui","Oui","3","Espèce autochtone","Fort",NA,NA,"Oui","Moyen","Moyenne",NA,"Non","Indigène","Oui","[""Sève""]","Oui","Oui","Oui","Étalé","Non","Aucun","Mixte","Espèce citée dans plusieurs guides","Thermophile","Forte","Xérophyte","Tolérant","Glycophyte intolérante","[""Sable"",""Limon"",""Argile"",""Humus"",""Gravier/roches""]","Oui","Oui","Non","Non","Oui","Moyenne","Oui"
"70","Crataegus azarolus","Azarolier , azerolier","Rosaceae","Oui","Méditerranéenne","Non","Oui","Oui","Arbuste","Non","Non","Oui","Oui","Leurs fleurs très parfumées sont  très mellifères et produisent nectar et pollen en quantité.","Sous climat méditerranéen, l'Azerolier produit des fruits comestibles rouges ou jaunes acidulés. Les jeunes feuilles et fleurs sont comestibles. Les azeroles sont principalement utilisées en gelées ou confitures, on en a fait aussi de l'eau-de-vie. Les graines auraient également été torréfiées et utilisées comme substituant au café",NA,"L’Azarolier s’adapte à tous les sols et peut supporter de fortes sécheresses.L'Azérolier est un   arbuste légèrement épineux à croissance lente  avec des fruits comestibles rouges ou jaunes acidulés","Oui","Feuillu","[""Epines""]","Romarin, épine noire,aphylanthe de Montpellier, Hélianthème d'Italie","Non","[""Aucun""]","Non","Oui","Simple","Moyennement dense","Lobée","Glabre","Moyenne","Caduc","Blanc","[""4"",""5""]","[""Apparence""]",NA,"Fructification en septembre.","Non","Oui","6","Espèce autochtone","Moyen",NA,NA,"Oui","Étroit","Record","Non","Oui","Indigène","Oui","[""Aucun""]","Oui","Non","Oui","Arrondi","Oui","Aucun","Traçant","Espèce citée dans plusieurs guides","Résistante","Moyenne","Résistant","Tolérant","Glycophyte intolérante","[""Sable"",""Limon""]","Non","Non","Oui","Oui","Non","Moyenne","Non"
"71","Crataegus monogyna","Aubépine à un style, Aubépine monogyne","Rosaceae","Oui","Eurosibérienne à tendance supraméditerranéenne","Non","Oui","Oui","Arbuste","Non","Non","Oui","Oui","Leurs fleurs blanches très parfumées sont également très mellifères et produisent nectar et pollen en quantité.","Les fruits de l'aubépine  sont très nutritives, elles contiennent des sucres, de la pectine, des vitamines A et C ainsi que des antioxydants.",NA,"Arbuste épineux utilisé dans les haies qui, en se développant, devient un petit arbre à la couronne plus ou moins arrondie. Sa floraison blanche-rose abondante est spectaculaire au printemps et est suivie de baies rouges sur ses rameaux retombants. Couleur automnale jaune lumineux à orange. Utilisé dans des haies coupe-vent et coupe-vue.","Oui","Feuillu","[""Epines""]","Épine noire, chêne pubescent,charme","Non","[""Aucun""]","Non","Oui","Simple","Dense","Lobée","Glabre","Moyenne","Caduc","Blanche","[""4"",""5"",""6""]","[""Apparence""]",NA,"Fruits  ovoïdes, rouges, plus ou moins persistants, généralement à un seul noyau.","Non","Oui","10","Espèce autochtone","Moyen",NA,NA,"Oui","Moyen","Très longue","Non","Oui","Indigène","Oui","[""Aucun""]","Oui","Non","Oui","Arrondi","Oui","Aucun","Traçant","Espèce citée dans plusieurs guides","Résistante","Forte","Résistant","Tolérant","Glycophyte intolérante","[""Sable"",""Limon""]","Non","Non","Oui","Oui","Non","Lente","Non"
"72","Cupressus macrocarpa Hartw., 1847","Cyprès de Lambert, Cyprès de Monterey","Cupressaceae","Oui","Etats-Unis: Californie","Oui","Oui","Non","Arbre","Non","Oui","Oui","Oui","Les fruits attirent les mammifères, les oiseaux y font leur nids",NA,NA,"C'est un arbre sempervirent, de grande taille, qui devient souvent irrégulier et tabulaire sous l'effet des vents forts qui caractérisent son aire d'origine.","Oui","Conifère","[""Aucun""]","Chêne de Californie,pin ponderosa,dudleya farinosa","Non","[""Aucun""]","Alerte","Oui","Composée","Dense","Écaille","Cireuse","Petite","Persistant","Vert-jaune","[""4"",""5"",""6""]","[""Non""]",NA,"Cônes brun clair, ronds, de 2.5 à 3cm","Non","Oui","25","Invasive potentielle","Fort",NA,"Diaspididae, braconidae, aphidiae","Non","Large","Très longue","Oui","Oui","Exogène","Oui","[""Aucun""]","Non","Non","Non","Étalé","Non","Aucun","Pivotant","Espèce non citée","Résistante","Moyenne","Mésoxérophyte","Adapté","Halophyte facultative","[""Sable"",""Limon"",""Argile""]","Non","Non","Oui","Non","Non","Moyenne","Non"
"73","Cupressus sempervirens","Cyprès de Provence","Cupressaceae","Oui","Aire naturelle : sans doute la méditerranée orientale  ; très anciennement cultivée dans toute la région circumméditerranéenne.","Oui","Oui","Non","Arbre","Non","Oui","Oui","Oui","Les fruits attirent les mammifères, les oiseaux y font leur nids","L’huile essentielle tirée des rameaux est antivirale, antibactérienne, antitussive, décongestionnante veineuse…",NA,"Arbre remarquable pour sa silhouette fastigiée régulière persistante. En alignement il structure une allée, signale une entrée. Il symbolise la vie éternelle et le lien entre le ciel et la terre ce qui le rend emblématique des lieux de recueillement tels les cimetières. Il est également intéressant pour son effet brise vent dans les parcs et grands jardins.","Oui","Conifère","[""Aucun""]","Chênes vert et pubescent, pin d'Alep, pin brutia,","Non","[""Aucun""]","Non","Non","Simple","Dense","Écaille","Limbe réduit","Petite","Persistant","Vert grisâtre","[""4""]","[""Non""]",NA,"Monoïque ; floraison : avril ; fructification l'automne de la deuxième année ; pollinisée et dispersée par le vent.","Non","Oui","20","Espèce autochtone","Fort",NA,"Abeilles","Non","Étroit","Record","Oui","Oui","Indigène","Oui","[""Aucun""]","Oui","Non","Non","Colonnaire","Non","Aucun","Pivotant","Espèce citée dans plusieurs guides","Résistante","Moyenne","Xérophyte","Adapté","Halophyte facultative","[""Sable"",""Limon"",""Argile""]","Non","Non","Oui","Oui","Non","Lente","Non"
"74","Cydonia oblonga","Cognassier commun","Rosaceae","Oui","Iran, Arménie, Azerbaijan, Dagestan, Turkmenistan","Non","Oui","Oui","Arbuste","Non","Oui","Oui","Oui","Pollinifère, les oiseaux mangent aussi les fruits","Ses fleurs odorantes se transforment en délicieux fruits comestibles de couleur dorée : les coings, surnommés aussi « pommes d’or ».Souvent trop acides et astringents pour être consommés crus – sauf quelques variétés méditerranéennes –, ils sont utilisés cuits pour de nombreuses recettes. Leur goût aromatique les prédestine aux préparations sucrées : on en fait des gelées, des confitures, des pâtes de fruits et des gâteaux.","Origines diverses selon variétés","Petit arbre fruitier de forme trapue et tortueuse chez les vieux sujets. Sa floraison blanche rosée odorante très gracieuse suivie de gros fruits jaunes d’or en forme de poire persistant en automne. Son feuillage satiné vert est cotonneux au revers, il vire au jaune en automne. Il symbolise les jardins de l’Antiquité et aujourd’hui présent dans les petits jardins vivriers.","Non","Feuillu","[""Fruits salissants""]","Jujubier,pommier sauvage, céanothes persistants ,  lilas, seringats","Oui","[""Aucun""]","EVEE","Oui","Simple","Moyennement dense","Lancéolé ou ovale","Poilue sur deux faces","Moyenne","Caduc","Blanc","[""5"",""6""]","[""Apparence""]",NA,"Piridion","Non","Oui","5","Espèce allochtone","Moyen",NA,"Abeilles, autre insectes floricoles - pollinisateurs - syrphids, abeilles","Oui","Moyen","Moyenne","Non","Oui","Cryptogène","Oui","[""Aucun""]","Oui","Oui","Oui","Arrondi","Oui","Drageonnantes",NA,"Espèce citée dans un guide","Résistante","Forte","Mésoxérophyte","Tolérant","Glycophyte tolérante","[""Argile"",""Humus""]","Oui","Non","Non","Oui","Non","Lente","Non"
"75","Cytisophyllum sessilifolium","Cytise à feuilles sessiles","Fabaceae","Oui","Ouest-méditerranéenne, subméditerranéenne.","Oui","Oui","Oui","Arbrisseau","Non","Oui","Non","Non","La pollinisation se fait par les insectes. Les graines quant à elles sont dispersées par les fourmis.","Toutes les parties du cytise sont toxiques . Elles contiennent en effet un alcaloïde toxique : la cytisine, dont la concentration est maximale dans les graines des fruits.",NA,"Le cytise apprécie les terrains peu fertiles, les sols secs, légers et calcaires, ainsi que la chaleur. Les graines de cytises ressemblent à des petits pois et sont particulièrement toxiques. Avec ses grappes de fleurs jaune vif, le cytise ou « pluie d’or » est un petit arbre surtout planté pour l’ornement dans les parcs et jardins. L’espèce a la particularité d’être drageonnante","Non","Feuillu","[""Aucun""]","Nerprun alaterne, pistachier lentisque,chênes vert et pubescent, buis","Non","[""Aucun""]","Non","Oui","Composée","Moyennement dense","Ronde","Glabre","Petite","Caduc","Jaune","[""5"",""6""]","[""Apparence""]",NA,"Gousses longues de 3-4 cm, larges de 1 cm, glabres, brunes, courbées à la base ; graines comprimées, noires.","Oui","Oui","2","Espèce autochtone","Fort",NA,NA,"Oui","Étroit","Moyenne","Non","Oui","Indigène","Oui","[""Fruits"",""Graines"",""Feuilles""]","Non","Non","Oui","Buissonnant","Oui","Aucun",NA,"Espèce citée dans plusieurs guides","Thermophile","Moyenne","Xérophyte","Tolérant","Glycophyte intolérante","[""Sable"",""Limon"",""Humus"",""Gravier/roches""]","Non","Non","Non","Oui","Oui","Rapide","Oui"
"76","Cytisus villosus","Cytise velu","Fabaceae","Oui","Ouest-méditerranéenne","Oui","Oui","Oui","Arbrisseau","Non","Oui","Non","Non","La pollinisation se fait par les insectes. Les graines quant à elles sont dispersées par les fourmis.","Toutes les parties du cytise sont toxiques . Elles contiennent en effet un alcaloïde toxique : la cytisine, dont la concentration est maximale dans les graines des fruits.",NA,"Le cytise apprécie les terrains peu fertiles, les sols secs, légers et calcaires, ainsi que la chaleur. Les graines de cytises ressemblent à des petits pois et sont particulièrement toxiques. Avec ses grappes de fleurs jaune vif, le cytise ou « pluie d’or » est un petit arbre surtout planté pour l’ornement dans les parcs et jardins. L’espèce a la particularité d’être drageonnante","Non","Feuillu","[""Aucun""]","Buplèvre arbustif, chêne vert, bruyère arborescente.","Non","[""Aucun""]","Non","Oui","Composée","Ouvert","Lancéolé ou ovale","Poilue sur deux faces","Petite","Caduc","Jaune","[""2"",""3"",""4"",""5"",""6""]","[""Apparence""]",NA,"Gousses droites ou arquées, tomenteuses, à poils roux, à la fin glabrescentes ; 6 à 8 graines jaunâtres, luisantes.","Oui","Oui","4","Espèce autochtone","Fort",NA,NA,"Oui","Étroit","Moyenne","Non","Oui","Indigène","Oui","[""Fruits"",""Graines"",""Feuilles""]","Non","Non","Oui","Buissonnant","Oui","Aucun",NA,"Espèce citée dans plusieurs guides","Thermophile","Faible","Mésophyte","Tolérant","Glycophyte intolérante","[""Limon"",""Humus""]","Non","Non","Non","Oui","Oui","Rapide","Oui"
"77","Daphne gnidium","Garous, Sain-bois","Thymelaeaceae","Oui","Circumméditerranéenne","Oui","Oui","Oui","Sous-arbrisseau","Non","Non","Non","Non","Les drupes sont consommées par les oiseaux","Le daphné est toxique dans son ensemble. Anciennement, l'écorce du Daphné gnidium, aussi connu sous le nom de Saint-Bois , était utilisée sous forme de pommade aux propriétés épispastiques, irritant la peau, provoquant la formation d'ampoules",NA,"On le trouve dans les lieux arides et sablonneux . Cet arbrisseau, de 60 cm à 2 m de haut ou plus offre une belle foraison odorante.","Non","Feuillu","[""Aucun""]","Ciste, lavande, romarin, chêne vert,","Non","[""Aucun""]","Non","Oui","Simple","Ouvert","Lancéolé ou ovale","Cireuse","Petite","Persistant","Blanche","[""3"",""4"",""5"",""6"",""7"",""8"",""9""]","[""Apparence""]",NA,"Baies ovoïdes, charnues, rouges à maturité.","Non","Oui","2","Espèce autochtone","Moyen",NA,NA,"Oui","Étroit","Moyenne","Non","Oui","Indigène","Oui","[""Fruits"",""Graines"",""Feuilles""]","Non","Non","Oui","Buissonnant","Oui","Aucun","Traçant","Espèce non citée","Mésothermophile","Moyenne","Xérophyte","Tolérant","Glycophyte tolérante","[""Limon"",""Humus""]","Non","Non","Non","Non","Oui","Rapide","Non"
"78","Diospyros kaki L.f.","Plaqueminier, kaki","Ebenaceae","Oui","Chine : Anhui Sheng, Zhejiang Sheng, Fujian Sheng, Henan Sheng, Hunan Sheng, Hubei Sheng, Gansu Sheng, Jiangxi Sheng, Jiangsu Sheng, Guangdong Sheng, Guizhou Sheng, Shanxi Sheng, Shandong Sheng, Sichuan Sheng, Yunnan Sheng, Guangxi Zhuangzu Zizhiqu, Hainan Sheng, Taïwan, Myanmar","Oui","Oui","Oui","Arbre","Oui","Non","Non","Oui","Les fruits attirent les oiseaux et les hominidés gourmands","Les kakis ont généralement besoin de blettir, c’est-à-dire de subir une période de gel, pour supprimer leur âpreté. Celle-ci est due à la présence de tanins solubles. L’astringence peut être supprimée par différents traitements, à l’eau chaude, qui agissent avec plus ou moins d’efficacité selon les variétés. Certaines variétés un peu moins rustiques produisent des fruits non astringents consommables à l’état dur comme 'Giant Fuyu'. On a l’habitude de les peler même si la peau fine peut se manger.",NA,"Les fruits sont de grosses baies globuleuses comestibles. Il peut  mesurer jusqu'à 12 m de haut. Plusieurs variétés. Très ornemental en automne","Oui","Feuillu","[""Fruits salissants""]","Figuier,jujubier,noisetier,néflier du japon","Non","[""Fructification pouvant entraîner des dommages""]","Non","Oui","Simple","Moyennement dense","Lancéolé ou ovale","Cireuse et poilue","Moyenne","Caduc","Blanc jaunâtre/verdâtre","[""5"",""6""]","[""Non""]",NA,"Drupe arrondie, de 4 à 8cm de dimètre","Non","Oui","12","Espèce allochtone","Moyen",NA,"Abeilles, bourdons, lasioglossum","Oui","Moyen","Moyenne","Non","Oui","Exogène","Oui","[""Aucun""]","Non","Non","Oui","Arrondi","Oui","Drageonnantes","Pivotant","Espèce non citée","Mésothermophile","Moyenne","Résistant","Tolérant","Glycophyte tolérante","[""Limon""]","Non","Non","Oui","Oui","Non","Lente","Non"
"79","Diospyros lotus L.","Plaqueminier du Levant, kaki du Caucase","Ebenaceae","Oui","Iran","Oui","Oui","Oui","Arbre","Oui","Non","Non","Oui","Le fruit attire oiseaux et mammifères en hiver","Les kakis ont généralement besoin de blettir, c’est-à-dire de subir une période de gel, pour supprimer leur âpreté. Celle-ci est due à la présence de tanins solubles. L’astringence peut être supprimée par différents traitements, à l’eau chaude, qui agissent avec plus ou moins d’efficacité selon les variétés. Certaines variétés un peu moins rustiques produisent des fruits non astringents consommables à l’état dur comme 'Giant Fuyu'. On a l’habitude de les peler même si la peau fine peut se manger.",NA,"Le kaki doit être abrité des vents et recevoir un bon ensoleillement ainsi que de la chaleur durant de longs mois d'été. La culture du kaki nécessite un sol profond, riche en humus, avec une faible humidité.","Oui","Feuillu","[""Fruits salissants""]","Berberis,brunelel commune","Non","[""Aucun""]","Alerte","Oui","Simple","Moyennement dense","Lancéolé ou ovale","Cireuse et poilue","Moyenne","Caduc","Rougeâtre ou blanc-verdâtre","[""6""]","[""Non""]",NA,"Drupes âpres et farineuses, comestibles quand elles sont très mûres, souvent parasitées","Non","Oui","12","Invasive avérée","Moyen",NA,"Abeilles, lépidoptères","Oui","Moyen","Moyenne","Non","Oui","Exogène","Oui","[""Aucun""]","Non","Non","Oui","Pyramidal","Oui","Drageonnantes","Cœur","Espèce non citée","Mésothermophile","Forte","Résistant","Tolérant","Glycophyte intolérante","[""Sable"",""Limon"",""Argile"",""Humus""]","Non","Non","Oui","Oui","Non","Lente","Non"
"80","Diospyros virginiana L.","Plaqueminier de Virginie","Ebenaceae","Oui","Etats Unis : Connecticut , Oklahoma, Alabama, Arkansas, Delaware, Florida, Georgia, Kentucky, Louisiana, Maryland, Mississippi, North Carolina, South Carolina, Tennessee, Virginia, Texas.","Oui","Oui","Oui","Arbre","Oui","Non","Non","Oui","Le fruit attire oiseaux et mammifères en hiver","Les kakis ont généralement besoin de blettir, c’est-à-dire de subir une période de gel, pour supprimer leur âpreté. Celle-ci est due à la présence de tanins solubles. L’astringence peut être supprimée par différents traitements, à l’eau chaude, qui agissent avec plus ou moins d’efficacité selon les variétés. Certaines variétés un peu moins rustiques produisent des fruits non astringents consommables à l’état dur comme 'Giant Fuyu'. On a l’habitude de les peler même si la peau fine peut se manger.",NA,"Bon pour la biodiversitéPeu d'entretien, à part le ramassage du fruitTrès performant en milieu urbain : il résiste au vent, à l'engorgement, la comptaction,la pollution","Oui","Feuillu","[""Fruits salissants""]","Genévrier de Virginie,érable argenté,platane","Non","[""Fructification pouvant entraîner des dommages""]","Non","Oui","Simple","Moyennement dense","Lancéolé ou ovale","Cireuse","Moyenne","Caduc","Blanc crème","[""5"",""6""]","[""Parfum""]",NA,"Drupe orange qui persiste jusqu'au début de l'hiver, les fruits sont à manger mûrs sinon ils sont astrigents","Non","Oui","20","Espèce allochtone","Moyen",NA,"Abeilles","Oui","Large","Moyenne","Non","Oui","Exogène","Oui","[""Aucun""]","Non","Non","Oui","Arrondi","Oui","Drageonnantes","Pivotant","Espèce citée dans un guide","Mésothermophile","Très forte","Résistant","Adapté","Glycophyte tolérante","[""Sable"",""Limon"",""Argile"",""Humus""]","Non","Non","Oui","Oui","Non","Moyenne","Non"
"81","Dorycnium pentaphyllum","Dorycnie des Baléares","Fabaceae","Oui","Méditerranéenne","Non","Oui","Non","Sous-arbrisseau","Non","Oui","Oui","Non","Les fleurs, riches en nectar, attirent de nombreux pollinisateurs et insectes utiles.",NA,NA,"Sous-arbrisseau qui résiste aux embruns sur sol pauvre, caillouteux ou sablonneux, parfaitement drainé. Supporte bien le calcaire. Les dorycnies sont d’excellents couvre-sol employés notamment pour revégétaliser les éboulis, les espaces dégradés, les talus secs et ensoleillés.","Non","Feuillu","[""Aucun""]","Genêt scorpion, buis, cade,pistachier lentisque, romarin,pin d'Alep, chêne vert,thym,lavande","Oui","[""Aucun""]","Non","Oui","Composée","Dense","Lancéolé ou ovale","Poilue","Petite","Persistant","Bleuâtre","[""4"",""5""]","[""Apparence""]",NA,"Gousses ovoïdes, obtuses, poilues.","Non","Oui","1","Espèce autochtone","Moyen",NA,NA,"Oui","Étroit","Courte","Oui","Oui","Indigène","Oui","[""Aucun""]",NA,"Oui","Oui","Buissonnant","Oui","Aucun","Cœur","Espèce citée dans plusieurs guides","Thermophile","Moyenne","Xérophyte","Tolérant","Glycophyte tolérante","[""Sable"",""Limon"",""Humus"",""Gravier/roches""]","Oui",NA,"Non","Non","Non","Moyenne","Oui"
"82","Erica arborea","Bruyère arborescente","Ericaceae","Oui","Euryméditerranéenne","Oui","Non","Oui","Arbuste","Non","Oui","Oui","Non","Chaque fleur produit beaucoup de nectar, la bruyère à nombreuses fleurs est une excellente plante mellifère, qui nourrit les abeilles jusqu’en décembre.",NA,NA,"La Bruyère arborescente, Bruyère blanche ou Bruyère en arbre est une grande bruyère poussant sur les sols siliceux du pourtour méditerranéen. Son rhizome est utilisé dans la confection des fourneaux de pipes .","Non","Feuillu","[""Aucun""]","Cistes, pin maritime, lavande,chêne vert","Non","[""Aucun""]","Non","Oui","Simple","Dense","Aiguille","Limbe réduit","Petite","Persistant","Blanche ou rose pâle","[""3"",""4"",""5""]","[""Apparence""]",NA,"Fructification en juillet","Oui","Oui","4","Espèce autochtone","Fort",NA,NA,"Oui","Étroit","Moyenne",NA,"Oui","Indigène","Oui","[""Aucun""]","Oui","Oui","Oui","Buissonnant","Non","Aucun","Traçant","Espèce citée dans plusieurs guides","Thermophile","Moyenne","Mésoxérophyte","Tolérant","Glycophyte tolérante","[""Sable"",""Limon"",""Argile"",""Humus"",""Gravier/roches""]","Oui","Oui","Non","Non","Non","Moyenne","Oui"
"83","Erica multiflora","Bruyère à fleurs nombreuses","Ericaceae","Oui","Circumméditerranéenne","Oui","Non","Oui","Arbrisseau","Non","Oui","Oui","Non","Chaque fleur produit beaucoup de nectar, la bruyère à nombreuses fleurs est une excellente plante mellifère, qui nourrit les abeilles jusqu’en décembre.",NA,NA,"La bruyère multiflore, ou bruyère à fleurs nombreuses, doit son nom à la multitude de clochettes roses qui la recouvre jusqu’à la fin de l’automne.Contrairement à ses nombreuses cousines, elle ne fuit pas les sols calcaires, ce qui fait d’elle une espèce très représentée dans les Calanques.","Non","Feuillu","[""Aucun""]","Romarin,ciste, lavande,pistachier lentisque,chêne kermès, génévrier oxycèdre","Non","[""Aucun""]","Non","Oui","Simple","Dense","Aiguille","Cireuse","Petite","Persistant","Rose","[""8"",""9"",""10"",""11"",""12""]","[""Apparence""]",NA,"Capsules glabres","Oui","Oui","1","Espèce autochtone","Fort",NA,NA,"Oui","Étroit","Moyenne",NA,"Oui","Indigène","Oui","[""Aucun""]","Oui","Oui","Oui","Buissonnant","Oui","Aucun","Traçant","Espèce citée dans plusieurs guides","Thermophile","Moyenne","Mésoxérophyte","Tolérant","Glycophyte tolérante","[""Sable"",""Limon"",""Argile"",""Humus"",""Gravier/roches""]","Oui","Oui","Non","Non","Non","Moyenne","Oui"
"84","Eriobotrya deflexa  Nakai","Néflier de Taïwan","Rosaceae","Oui","Chine : Guangdong Sheng, Taiwan, Vietnam","Non","Oui","Oui","Arbuste","Non","Oui",NA,"Oui","Les boutons d’automne, parfumés, attirent les abeilles ce qui participe à la pollinisation et produit plus de fruits. Les températures proches de - 2°C endommagent les fleurs et empêchent le développement du fruit. Les hautes températures d’été inhibent également la floraison.","La nèfle est comestible et riche en calcium et vitamine A. Elle se consomme bien mûre ou en jus, confiture, compote. Par contre ses graines sont toxiques. Ses feuilles contiennent une huile essentielle riche en saponine",NA,"Dans un millieu humide, mais pas constamment engorgé. ornemental en position isolée. Prévoir place pour branches étalées.Port pyramidal structuré et floraison généreuse. Coloration printanière","Oui","Feuillu","[""Aucun""]","Agonis,savonnier,caroubier","Non","[""Aucun""]","Non","Oui","Simple","Dense","Lancéolé ou ovale","Glabre","Grande","Persistant","Blanc","[""3"",""4"",""5""]","[""Les deux""]",NA,"Pomme orangée, globuleuse, d'1 à 1.5 cm de dimètre","Non","Oui","8","Espèce allochtone","Moyen",NA,"Abeilles","Oui","Large","Longue","Oui","Oui","Exogène","Oui","[""Graines""]","Oui","Oui","Oui","Pyramidal","Oui","Aucun","Traçant","Espèce non citée","Mésothermophile","Moyenne","Résistant","Tolérant","Glycophyte tolérante","[""Sable"",""Limon"",""Argile""]","Non","Non","Oui","Non","Oui","Moyenne","Non"
"85","Eriobotrya japonica  Lindl.","Néflier du Japon","Rosaceae","Oui","Chine : Hubei Sheng, Sichuan Sheng, Japon : Honshu, Kyushu, Shikoku.","Non","Oui","Oui","Arbuste","Non","Oui","Non","Oui","Il offre des panicules de fleurs beige discrètes mais agréablement parfumées en automne, très appréciées par les abeilles","Ses fruits orangés de la taille d’une prune sont très juteux et sucrés. Par contre ses graines sont toxiques. Ses feuilles contiennent une huile essentielle riche en saponine",NA,"Tolère sécheresse et zone côtière. Port pyramidal compact et structuré. Floraison odorante et fruits délicieux. Prévoir la place car longues branches et ombre dense. Rien ne pousse dessous","Oui","Feuillu","[""Aucun""]","Châtaignier, noisetier, néflier commun,nashi","Non","[""Aucun""]","A-EVEE à l'étranger","Oui","Simple","Dense","Lancéolé ou ovale","Cireuse et poilue","Grande","Persistant","Blanc jaune","[""10"",""11""]","[""Les deux""]",NA,"Forme en poire à ovale, comestible, la pulpe est sucrée et il contient une grosse graine","Non","Oui","8","Espèce allochtone","Moyen",NA,"Abeilles domestiques et sauvages, frelons, papillons","Oui","Large","Moyenne","Oui","Non","Exogène","Oui","[""Graines""]","Oui","Oui","Oui","Pyramidal","Non","Aucun","Traçant","Espèce non citée","Mésothermophile","Forte","Résistant","Tolérant","Glycophyte tolérante","[""Sable"",""Limon"",""Argile""]","Non","Oui","Oui","Non","Oui","Moyenne","Non"
"86","Erythrostemon gilliesii","Poinciana, Oiseau de paradis","Fabaceae","Oui","Argentine Nord-Est, Argentine Nord-Ouest, Argentine Sud, Chili Central, Chili Nord, Uruguay","Non","Oui","Non","Arbrisseau","Non","Oui","Oui","Non","Mellifère et nectarifère, il est visité par les papillons","Les graines plates contenues dans les gousses qui se forment à l'issue de la floraison sont particulièrement toxiques en cas d'ingestion.",NA,"Le petit flamboyant est un petit arbuste caduc aux branches cassantes qui le rendent sensible aux vents violents. Sa floraison a lieu en juin-juillet, mais peut se prolonger jusqu'en septembre si l'on prend soin d'éliminer régulièrement les gousses qui se forment.","Oui","Feuillu","[""Aucun""]","Salvia microphylla,greigii,jamensis à fleurs rouges","Non","[""Aucun""]","B-EVEE à l'étranger","Oui","Composée","Ouvert","Lancéolé ou ovale","Glabre","Petite","Semi-persistant","Jaune, rouge","[""7"",""8""]","[""Apparence""]",NA,"Gousses brunes applaties, qui exlosent à maturité pour disséminer les 8 à 10 graines contenues","Non","Non","3","Espèce allochtone","Moyen",NA,"Abeilles, papillons","Non","Moyen","Moyenne","Oui","Oui","Exogène","Oui","[""Graines""]","Non","Oui","Oui","Buissonnant","Oui","Aucun",NA,"Espèce non citée","Thermophile","Moyenne","Mésoxérophyte","Intolérant","Glycophyte tolérante","[""Sable"",""Limon""]","Oui","Oui","Oui","Non","Oui","Moyenne","Non"
"87","Escallonia rubra  Pers.","Escallonia rouge","Escalloniaceae","Oui","Argentine Sud, Chili Central, Chili Sud","Non","Oui","Oui","Arbrisseau","Non","Oui","Oui","Oui","Nectarifère il est visité par les papillons",NA,NA,"Il remplace avantageusement les conifères par sa floraison longue durée, son feuillage persistant décoratif dans les haies. Sa résistance naturelle aux maladies et parasites est importante. Il a une longue floraison.  Bon pour un jardin côtier ou en tant que haie.","Non","Feuillu","[""Aucun""]","Citronnier,callistemon,indigotier","Oui","[""Aucun""]","Non","Oui","Simple","Dense","Lancéolé ou ovale","Cireuse sur deux faces","Moyenne","Persistant","Rouge","[""5"",""6""]","[""Apparence""]",NA,"Capsules en forme de poire","Non","Oui","5","Espèce allochtone","Faible",NA,"Abeilles","Oui","Étroit","Moyenne","Oui","Oui","Exogène","Oui","[""Aucun""]","Oui","Oui","Oui","Arrondi","Oui","Aucun",NA,"Espèce citée dans un guide","Intolérante","Moyenne","Résistant","Tolérant","Glycophyte tolérante","[""Sable"",""Limon""]","Oui","Non","Non","Non","Non","Moyenne","Non"
"88","Euonymus europaeus","Fusain d'Europe","Celastraceae","Oui","Distribution géographique  : Europe, Caucase.","Oui","Oui","Oui","Arbuste","Non","Oui","Oui","Oui","Fruits Toxiques, mais les oiseaux s'en contenteront l'hiver venu","Même si leurs graines sont souvent consommées par les oiseaux, toutes les parties d'un fusain sont toxiques par ingestion pour l'homme en général",NA,"Petit arbuste buissonnant irrégulier. Sa floraison blanche au printemps est suivie de fruits en capsulés  roses carmins et orangés persistants en hiver très décoratifs mais toxiques. Son feuillage vert mat vire au rouge violacé en automne et révèle des rameaux originaux quadrangulaires pourvus d’ailettes liégeuses. Emblématique des haies champêtres et lisières forestières. Peu exigeant, il supporte sécheresse et inondation.","Non","Feuillu","[""Aucun""]","Viorne lantane, arbre à perruque, térébinthe,lierre, charme, noisetier,buis,cade","Non","[""Aucun""]","Non","Oui","Simple","Moyennement dense","Lancéolé ou ovale","Glabre","Moyenne","Caduc","Vert","[""4"",""5""]","[""Apparence""]",NA,"Usages possibles : fruits décoratifs. Capsules pendantes, larges de 8 à 15 mm, à coques rose fushia, contenant chacune une graine à arille orangée qui reste généralement fixée après déhiscence.","Non","Oui","4","Espèce allochtone","Moyen",NA,NA,"Non","Étroit","Moyenne","Non","Oui","Indigène","Oui","[""Fruits"",""Feuilles""]","Oui","Oui","Oui","Arrondi","Oui","Aucun",NA,"Espèce citée dans un guide","Résistante","Forte","Mésophyte","Tolérant","Glycophyte intolérante","[""Argile"",""Humus""]","Non","Non","Oui","Oui","Oui","Moyenne","Oui"
"89","Euphorbia characias","Euphorbe des vallons","Euphorbiaceae","Oui","Méditerranéenne","Oui","Oui","Non","Herbacée","Non","Oui","Oui","Non","Pollinisée par les insectes  ; dispersée par les fourmis.","La sève de l'euphorbe est toxique. Lorsque la plante est coupée, elle libère un latex blanc extrêmement toxique au contact.",NA,"Originaire du pourtour Méditerranéen, l’euphorbe compte plus de 2000 espèces ! Fleurissant de mars à juillet, la plante colore les jardins, bois et garrigues de ses étonnantes « fleurs » ou plutôt inflorescences vert-jaune, nommées cyathes. Très décorative, la belle n’en reste pas moins toxique  et très irritante pour la peau, les yeux et les muqueuses.","Non","Feuillu","[""Aucun""]","Laurier tin, térébinthe, romarin,lavande,chênes vert et pubescent,buis,cade","Non","[""Aucun""]","Non","Oui","Simple","Ouvert","Lancéolé ou ovale","Poilue sur deux faces","Moyenne","Persistant","Jaune, vert","[""3"",""4"",""5"",""6"",""7""]","[""Apparence""]",NA,"Capsules grosses, velues, tomenteuses, ponctuées de blanc, trigones ; coques arrondies sur le dos ; graines brunes, lisses, luisantes.","Non","Non","1.5","Espèce autochtone","Moyen",NA,NA,"Oui","Étroit","Courte",NA,"Non","Indigène","Oui","[""Sève""]","Oui","Non","Oui","Buissonnant","Non","Aucun","Cœur","Espèce citée dans un guide","Thermophile","Forte","Xérophyte","Tolérant","Glycophyte intolérante","[""Sable"",""Limon"",""Gravier/roches""]","Non","Non","Non","Non","Oui","Rapide","Oui"
"90","Euphorbia spinosa","Euphorbe épineuse","Euphorbiaceae","Oui","Nord-méditerranéenne","Oui","Oui","Non","Sous-arbrisseau","Non","Oui","Oui","Non","Les graines alentour  sont  propagées au sol par les fourmis.","La sève de l'euphorbe est toxique. Lorsque la plante est coupée, elle libère un latex blanc extrêmement toxique au contact.",NA,"Originaire du pourtour Méditerranéen, l’euphorbe compte plus de 2000 espèces ! Fleurissant de mars à juin, la plante colore les jardins, bois et garrigues de ses étonnantes « fleurs » ou plutôt inflorescences vert-jaune, nommées cyathes. Très décorative, la belle n’en reste pas moins toxique  et très irritante pour la peau, les yeux et les muqueuses.","Non","Feuillu","[""Epines""]","Aphyllanthe de Montpellier,buis,genêts d'Espagne et cendré,lavande,thym,érable de Montpellier","Non","[""Aucun""]","Non","Oui","Simple","Dense","Lancéolé ou ovale","Glabre","Petite","Caduc","Jaune","[""4"",""5"",""6""]","[""Apparence""]",NA,"Capsules globuleuses, à 3 coques arrondies sur le dos, portant des verrues cylindriques inégales nombreuses ; graines ovoïdes, lisses, brunes.","Non","Non","1","Espèce autochtone","Moyen",NA,NA,"Oui","Étroit","Courte",NA,"Non","Indigène","Oui","[""Sève""]",NA,"Non","Oui","Buissonnant","Non","Aucun","Cœur","Espèce citée dans un guide","Thermophile","Moyenne","Xérophyte","Tolérant","Glycophyte intolérante","[""Sable"",""Limon"",""Gravier/roches""]","Non",NA,"Non","Non","Oui","Rapide","Oui"
"91","Euryops pectinatus Cass.","Marguerite des savanes","Asteraceae","Oui","Province du Cap","Non","Oui","Oui","Sous-arbrisseau","Non","Oui","Oui","Non","Les fleurs sont riches en nectar et pollen et attirent beaucoup d'insectes",NA,NA,"L’euryops ou la Marguerite de savane présente le gros avantage de fleurir une grande partie de l’année.En tant que sous-arbrisseau, elle est buissonnante et offre une floraison compacte et généreuse.De culture facile, elle ne demande quasiment aucun entretien et trouve aussi bien sa place en massif, qu’en bordure ou en potée.","Non","Feuillu","[""Aucun""]","Onagre,loropetalum,delosperma","Non","[""Aucun""]","Non","Oui","Simple","Moyennement dense","Palmilobé","Poilue sur deux faces","Petite","Persistant","Jaune vif","[""3"",""4"",""5"",""10"",""11"",""12""]","[""Apparence""]",NA,NA,"Non","Non","2","Espèce allochtone","Moyen",NA,"Papillons, abeilles, Muscidae, Tachinidae","Oui","Étroit","Courte","Oui","Oui","Exogène","Oui","[""Fleurs""]","Non","Oui","Oui","Buissonnant","Oui","Aucun",NA,"Espèce citée dans un guide","Résistante","Moyenne","Résistant","Tolérant","Glycophyte tolérante","[""Sable"",""Limon"",""Gravier/roches""]","Oui","Oui","Oui","Non","Oui","Moyenne","Non"
"92","Exochorda racemosa  Rehder","Exochorde, arbre aux perles","Rosaceae","Oui","Chine Nord-Centrale, Chine Sud-Centrale, Chine Sud-Est, Kirghizstan, Corée, Mandchourie, Primorye, Tadjikistan, Ouzbékistan ","Non","Oui","Oui","Arbrisseau","Non","Oui","Oui","Non","Visité par les coléoptères, les diptères, les papillons, les hyménoptères  ,et  les colibris",NA,NA,"Très rustique, l’Exochorda supporte des températures jusqu’à -15 °C sans broncher. Il trouve sa place dans toutes les régions et dans tous les jardins petits et moyens. Il est facile à cultiver au soleil non brûlant, ou à mi-ombre dans un sol bien drainé à tendance acide à neutre, peu calcaire.Il convient très bien en haie libre, en isolé, en plate-bande arbustive, en massif mais également en bac.","Non","Feuillu","[""Aucun""]","Grenadier,forsythia,zenobia,oranger du Méxique,seringat, euphorbe","Non","[""Aucun""]","Non","Oui","Simple","Moyennement dense","Lancéolé ou ovale","Glabre","Moyenne","Caduc","Blanches","[""3"",""4""]","[""Les deux""]",NA,"Petites caspules   vertes puis brunes à 5 valves","Non","Non","4","Espèce allochtone","Moyen",NA,"Coléoptères, diptères, papillons, hyménoptères  Fangyou, Gao.","Non","Moyen","Moyenne","Non","Oui","Exogène","Oui","[""Fruits""]","Non","Oui","Oui","Buissonnant","Non","Racines agressives","Pivotant","Espèce non citée","Résistante","Moyenne","Résistant","Tolérant","Glycophyte intolérante","[""Sable"",""Limon"",""Argile""]","Non","Oui","Oui","Non","Oui","Lente","Non"
"93","Feijoa sellowiana  O.Berg","Goyavier","Myrtaceae","Oui","Argentine Nord-Est, Brésil Sud, Brésil Sud-Est, Uruguay","Non","Oui","Oui","Arbrisseau","Non","Oui","Oui","Oui","Les fruits du goyavier sont une manne pour de nombreux animaux, oiseaux, singes qui contribuent d'ailleurs à la dispersion des graines.","Il est préférable de cueillir le fruit à maturité une fois que la peau a jauni ou rosi. Sa chair est alors douce et juteuse. La récolte a lieu toute l’année en région chaude sinon en fin d’automne-hiver.",NA,"De culture facile et peu exigent, le Goyavier du Brésil préfère une exposition ensoleillée à l'abri des vents froids, un sol riche, fertile et drainant. S’adaptant bien aux conditions de bord de mer, c’est un arbuste qui en apprécie bien la douceur, capable de supporter les embruns et le sel. Floraison ornementale et comestible, fruit délicieux","Non","Feuillu","[""Aucun""]","Pavot en arbre,houblon,laurier des bois,groseillier à maquereau","Oui","[""Aucun""]","Non","Oui","Simple","Dense","Lancéolé ou ovale","Cireuse et poilue","Petite","Persistant","Sépales blanc-rose, étamines rouges","[""6"",""7""]","[""Apparence""]",NA,"Fruits ressemblant à des goyaves allongées, vertes, parfumés et comestibles, mûres en octobre.","Non","Oui","4","Espèce allochtone","Faible",NA,"Abeilles  , bourdons, coléoptères, diptère, hyménoptères","Oui","Moyen","Moyenne","Oui","Oui","Exogène","Oui","[""Aucun""]","Non","Oui","Oui","Arrondi","Oui","Aucun","Traçant","Espèce non citée","Mésothermophile","Moyenne","Résistant","Tolérant","Glycophyte tolérante","[""Sable"",""Limon"",""Humus""]","Oui","Oui","Non","Non","Non","Moyenne","Non"
"94","Ficus carica","Figuier commun","Moraceae","Oui","Est-méditerranéenne","Oui","Oui","Oui","Arbuste","Oui","Oui","Non","Oui","Espèce fécondée et pollinisée par un minuscule hyménoptère  sert d'hôte intermédiaire à la multiplication de l'insecte ; dispersion par les animaux.","Figues comestibles et très nutitives, surtout séchées, fournissant une eau de vie appréciée. Très cultivée",NA,"Petit arbre à l’architecture aplatie et aux rameaux tortueux. Son feuillage palmatilobé est remarquable et facilement identifiable. Espèce fruitière reconnue emblématique du sud, il produit des fruits charnus comestibles vert à violet selon les variétés. Sa présence fait référence aux jardins antiques où il prend différentes significations selon les cultures.","Non","Feuillu","[""Brûlures""]","Romarin,chênes vert et pubescent,caprier commun,jusquiame blanche","Non","[""Branches cassantes""]","Non","Oui","Simple","Moyennement dense","Palmilobé","Cireuse et poilue","Grande","Caduc","Vert, jaunâtre ou violacé","[""6"",""7"",""8"",""9""]","[""Non""]",NA,"Fruits très petits, drupacés, enfermés dans le receptacle accrescent .","Non","Oui","6","Espèce autochtone","Moyen",NA,NA,"Oui","Large","Très longue","Non","Oui","Indigène","Oui","[""Feuilles"",""Sève""]","Oui","Non","Oui","Étalé","Oui","Racines agressives",NA,"Espèce citée dans plusieurs guides","Thermophile","Forte","Mésoxérophyte","Intolérant","Glycophyte tolérante","[""Limon"",""Humus""]","Non","Non","Oui","Oui","Oui","Moyenne","Non"
"95","Firmiana simplex  W.Wight","Arbre parasol de Chine","Malvaceae","Non","Chine : Anhui Sheng, Zhejiang Sheng, Fujian Sheng, Hunan Sheng, Hubei Sheng, Jiangxi Sheng, Jiangsu Sheng, Guangdong Sheng, Guizhou Sheng, Shanxi Sheng, Shandong Sheng, Shaanxi Sheng, Sichuan Sheng, Yunnan Sheng, Guangxi Zhuangzu Zizhiqu, Hainan Sheng, Japon : Honshu, Kyushu, Ryukyu Islands, Shikoku, Taïwan.","Oui","Oui","Oui","Arbre","Non","Oui","Oui","Non",NA,"Ce sont les graines, produites en quantité, qui sont mangées cuites, rôties, et offrent une agréable consistance huileuse, comme de petites noix.",NA,"Le Firmiana simplex plus communément appelé Parasol chinois est un arbre original et peu connu en Europe.Ses feuilles sont larges et palmées, elles peuvent atteindre 30 cm, cela fera de lui un bel arbre d’ombrage.Il produira également de petites fleurs blanches à la fin du printemps et jusqu’au début de l’été. En fonction de la chaleur, ces fleurs dégageront un parfum citronné.Son écorce est lisse et dure, son bois est utilisé pour fabriquer des instruments de percussions en Chine.","Oui","Feuillu","[""Aucun""]","Noisetier de Russie,liquidambar, érables,châtaignier","Non","[""Branches cassantes""]","B-EVEE à l'étranger","Oui","Simple","Dense","Palmilobé","Glabre","Grande","Caduc","Verdatre","[""5"",""6""]","[""Parfum""]",NA,"Capsules de 10-12 cm de long, s’ouvrant en 4-5 follicules qui deviennent foliacés peu après la floraison. Les graines sont rondes et ridées. Le fruit, assez élégant et voyant, perdure longtemps sur l’arbre. C’est un fruit sec non salissant.","Non","Oui","15","Espèce allochtone","Moyen",NA,NA,"Non","Large","Moyenne","Oui","Non","Exogène","Oui","[""Aucun""]","Oui","Oui","Oui","Arrondi","Oui","Racines agressives","Traçant","Espèce non citée","Mésothermophile","Forte","Résistant","Intolérant","Glycophyte intolérante","[""Sable"",""Limon""]","Non","Non","Oui","Non","Non","Rapide","Non"
"96","Forsythia X intermedia Zabel","Forsythia hybride","Oleaceae","Oui","Hybride artificiel entre Forsythia viridissima Lindl. : Chine Sud-Centrale, Chine Sud-Est, Corée, et Forsythia suspensa  Vahl : Chine Nord-Centrale, Chine Sud-Centrale, Chine Sud-Est","Oui","Oui","Oui","Arbrisseau","Non","Oui","Oui","Non","Visité par de nombreux passereaux, papillons, bourdons. Il est nectarifère","Les capsules des fruits sont réputées pour leur caractère anti-inflammatoire et anti-bactérienne. On y extrait également une huile essentielle dans la pharmacopée chinoise",NA,"Le forsythia pousse facilement et encore mieux s'il est dans un sol peu fertile, frais et bien drainé, au soleil ou à mi-ombre.Il offre une floraison jaune spectaculaire dès le début du printemps. Bien adapté aux conditions urbaines mais supporte mal la sécheresse.","Non","Feuillu","[""Aucun""]","Deutzia,raphiolepis","Non","[""Aucun""]","Non","Oui","Simple","Dense","Lancéolé ou ovale","Glabre","Moyenne","Caduc","Jaune","[""3"",""4""]","[""Apparence""]",NA,"Petite capsule déhiscente brune, contenant de nombreuses graines ailées",NA,"Oui","3","Espèce allochtone","Moyen",NA,"Abeilles","Non","Étroit","Moyenne",NA,"Oui","Exogène","Oui","[""Aucun""]",NA,"Oui","Oui","Arrondi","Oui","Aucun","Traçant","Espèce non citée","Mésothermophile","Forte","Résistant","Intolérant","Glycophyte tolérante","[""Sable"",""Limon"",""Argile""]","Oui",NA,"Non","Non","Non","Moyenne",NA
"97","Fraxinus angustifolia","Frêne à feuilles étroites","Oleaceae","Oui","Turquie , Bulgarie, Grèce, Italie, Espagne, France.","Oui","Oui","Oui","Arbre","Oui","Oui","Non","Oui","La plante entière est un apport important pour les animaux de toutes sortes. Les grands mammifères tels les cerfs, les bisons, les moutons… broutent son feuillage. Les graines sont appréciées par les oiseaux granivores, les écureuils et les petits mammifères. L’écorce est mangée par les lièvres.  La litière fournit un excellent humus. Il peut parfois servir de nid aux frelons qui apprécient sa sève.","Récolter les feuilles à la fin du printemps vers mai-juin est la bonne époque, lorsqu'elles sont recouvertes d'une sorte de gomme un peu visqueuse.On utilise traditionnellement ses fruits verts comme condiments à la place de câpres ou cornichons.",NA,"Arbre vigoureux à la couronne ovoïde large. Son feuillage léger, très fin, décoratif et brillant, après les fleurs, vire au jaune à lie-de-vin à l’automne. Son écorce très rugueuse et cannelée avec l’âge est très décorative. Bon brise vent, il s’utilise isolé et en alignement et nécessite un vaste espace.","Oui","Feuillu","[""Aucune""]","Vvorne obier,sureau noir,lierre,aulnes glutineux et blanc","Non","[""Chute d'arbre""]","Non","Oui","Composée","Moyennement dense","Lancéolé ou ovale","Glabre","Moyenne","Caduc","Jaune-vert","[""4"",""5""]","[""Non""]",NA,"Samare","Non","Oui","15","Espèce autochtone","Faible",NA,NA,"Oui","Large","Très longue","Oui","Oui","Indigène","Oui","[""Aucun""]","Oui","Oui","Oui","Arrondi","Oui","Racines agressives","Mixte","Espèce citée dans plusieurs guides","Mésothermophile","Forte","Mésoxérophyte","Tolérant","Glycophyte tolérante","[""Limon"",""Argile"",""Humus""]","Oui","Oui","Oui","Non","Non","Moyenne","Non"
"98","Fraxinus excelsior","Frêne commun, Frêne élevé","Oleaceae","Oui","Européenne à tendance subatlantique","Oui","Oui","Oui","Arbre","Oui","Oui","Non","Oui","La plante entière est un apport important pour les animaux de toutes sortes. Les grands mammifères tels les cerfs, les bisons, les moutons… broutent son feuillage. Les graines sont appréciées par les oiseaux granivores, les écureuils et les petits mammifères. L’écorce est mangée par les lièvres.  La litière fournit un excellent humus. Il peut parfois servir de nid aux frelons qui apprécient sa sève.","Récolter les feuilles, la fin du printemps vers mai-juin est la bonne époque, lorsqu'elles sont recouvertes d'une sorte de gomme un peu visqueuse.On utilise traditionnellement ses fruits verts comme condiments à la place de câpres ou cornichons.",NA,"Arbre de grande ampleur au port large et élancé et identifiable. Son feuillage vert clair virant au jaune à l’automne est remarquable. En période estivale, très présent dans les ripisylves, il fournit une ombre douce le long des chemins de halage et aux abords de zones humides et où sa silhouette est emblématique. Il est malheureusement menacé très affecté par la Chalarose, maladie invasive qui décime l’ensemble des peuplements et impacte fortement les paysages de fonds de vallée.","Oui","Feuillu","[""Aucune""]","Lierre,houx fragon,chevrefeuille des bois,ajonc d'Europe,chêne vert,tilleul à petites feuilles,érable plane","Non","[""Chute d'arbre""]","Non","Oui","Composée","Moyennement dense","Lancéolé ou ovale","Glabre","Moyenne","Caduc","Jaune, pourpre","[""4"",""5""]","[""Non""]",NA,"Samares en grappes marcescentes ; graine n'atteignant pas le milieu du fruit.","Non","Oui","30","Espèce autochtone","Faible",NA,NA,"Oui","Très large","Très longue","Oui","Oui","Indigène","Oui","[""Aucun""]","Oui","Oui","Oui","Arrondi","Oui","Racines agressives","Mixte","Espèce citée dans plusieurs guides","Mésothermophile","Forte","Mésophyte","Tolérant","Glycophyte tolérante","[""Limon"",""Argile"",""Humus""]","Oui","Oui","Oui","Oui","Non","Lente","Non"
"99","Fraxinus ornus","Frêne à fleurs","Oleaceae","Oui","Orophyte subméditerranéenne","Oui","Oui","Oui","Arbre","Oui","Oui","Non","Oui","La plante entière est un apport important pour les animaux de toutes sortes. Les grands mammifères tels les cerfs, les bisons, les moutons… broutent son feuillage. Les graines sont appréciées par les oiseaux granivores, les écureuils et les petits mammifères. L’écorce est mangée par les lièvres.  La litière fournit un excellent humus. Il peut parfois servir de nid aux frelons qui apprécient sa sève.","Récolter les feuilles à la fin du printemps vers mai-juin est la bonne époque, lorsqu'elles sont recouvertes d'une sorte de gomme un peu visqueuse.On utilise traditionnellement ses fruits verts comme condiments à la place de câpres ou cornichons.",NA,"Petit arbre au port ovale arrondi et aux rameaux très serrés. Sa floraison blanc crème abondante en panicule dressées odorantes en mai est spectaculaire. Celle-ci  est suivie de samares décoratifs en hiver restant tout l’hiver. Le feuillage tardif est remarquable en automne en passant du jaune au lie de vin. Rustique et bien adapté au climat urbain, il supporte très bien la chaleur et la sécheresse. Son ombrage est particulièrement intéressant pour les petits espaces propices au séjour comme les squares ou placettes. Il est emblématique des régions méditerranéennes et autrefois utilisé pour sa manne .","Oui","Feuillu","[""Aucun""]","Chênes vert et pubescent,térebinthe,charme houblon,salsepareille","Non","[""Chute d'arbre""]","Non","Oui","Composée","Moyennement dense","Lancéolé ou ovale","Glabre","Moyenne","Caduc","Blanc","[""4"",""5""]","[""Parfum""]",NA,"Hermaphrodite ; floraison : avril à mai ; fructification : août à septembre ; pollinisée et dispersée par le vent.","Oui","Oui","8","Espèce autochtone","Faible",NA,"Pollinisé par - abeilles, bourdons, guêpes, bombyles, syrphes","Oui","Moyen","Longue","Oui","Oui","Indigène","Oui","[""Aucun""]","Oui","Oui","Oui","Arrondi","Oui","Drageonnantes","Mixte","Espèce citée dans plusieurs guides","Thermophile","Forte","Xérophyte","Tolérant","Glycophyte tolérante","[""Limon"",""Argile"",""Humus"",""Gravier/roches""]","Oui","Oui","Oui","Non","Non","Lente","Non"
"100","Fraxinus oxyphylla","Frêne à feuilles aiguës","Oleaceae","Oui","Euryméditerranéenne","Oui","Oui","Oui","Arbre","Oui","Oui","Non","Oui","La plante entière est un apport important pour les animaux de toutes sortes. Les grands mammifères tels les cerfs, les bisons, les moutons… broutent son feuillage. Les graines sont appréciées par les oiseaux granivores, les écureuils et les petits mammifères. L’écorce est mangée par les lièvres.  La litière fournit un excellent humus. Il peut parfois servir de nid aux frelons qui apprécient sa sève.","Récolter les feuilles, la fin du printemps vers mai-juin est la bonne époque, lorsqu'elles sont recouvertes d'une sorte de gomme un peu visqueuse.On utilise traditionnellement ses fruits verts comme condiments à la place de câpres ou cornichons.",NA," Le frêne oxyphylle est un arbre pouvant atteindre 25 mètres. Le tronc est de couleur grise ou gris brun, finement ridulé craquelé. En automne, cet arbre se pare souvent de très jolies couleurs dorées, orangées, rouges, etc. Il est d'ailleurs cultivé comme arbre onemental.","Oui","Feuillu","[""Aucun""]","Sureau noir, viorne obier,lierre grimpant,aules blanc et verruqueux,chevrefeuille des bois,fusain d'Europe, tilleul à petites feuilles","Non","[""Chute d'arbre""]","Non","Oui","Composée","Moyennement dense","Lancéolé ou ovale","Glabre","Moyenne","Caduc","Vert, jaune","[""3"",""4"",""5""]","[""Non""]",NA,"Samares longues de 20-45 mm, plus petites que chez F. excelsior et mûres plus tôt, à l'extrémité rostrée ; graine dépassant le milieu du fruit.","Non","Oui","15","Espèce autochtone","Faible",NA,NA,"Oui","Large","Très longue","Oui","Oui","Indigène","Oui","[""Aucun""]","Oui","Oui","Oui","Arrondi","Oui","Racines agressives","Mixte","Espèce citée dans plusieurs guides","Thermophile","Forte","Résistant","Tolérant","Glycophyte tolérante","[""Limon"",""Argile"",""Humus"",""Gravier/roches""]","Oui","Oui","Oui","Non","Non","Moyenne","Non"
"101","Fraxinus velutina Torr. ","Frêne de l'Arizona,  frêne velouté","Oleaceae","Oui","Etats-Unis : New Mexico, Texas, Arizona, California , Nayarit","Oui","Oui","Oui","Arbre","Oui","Oui","Non","Non","Elle est une plante hôte des chenilles de Chloronycta tybo et de l'hyménoptère Spathius agrili.","Récolter les feuilles, la fin du printemps vers mai-juin est la bonne époque, lorsqu'elles sont recouvertes d'une sorte de gomme un peu visqueuse.On utilise traditionnellement ses fruits verts comme condiments à la place de câpres ou cornichons.",NA,"Fraxinus velutina ou “Frêne velouté” est un petit arbre et parfois même buisson de 3-10 m avec un tronc de 25-30 cm de diamètre maximum. Plus résistant à la sécheresse que d'autres frênes, il tolère les sols alcalins, rocheux, et périodiquement engorgés.","Oui","Feuillu","[""Brûlures""]","Micoucoulier,platanes, saules","Non","[""Chute d'arbre""]","Non","Oui","Composée","Moyennement dense","Lancéolé ou ovale","Poilue","Moyenne","Caduc","Jaune, vert","[""3"",""4""]","[""Non""]",NA,"Samares vert-jaunes, puis brunes à maturité, de 3cm","Non","Oui","12","Espèce allochtone","Faible",NA,"Papillons","Oui","Large","Moyenne","Oui","Oui","Exogène","Oui","[""Aucun""]","Oui","Oui","Non","Arrondi","Oui","Racines agressives","Traçant","Espèce non citée","Mésothermophile","Moyenne","Résistant","Tolérant","Glycophyte tolérante","[""Sable"",""Limon"",""Gravier/roches""]","Oui",NA,"Oui","Non","Non","Moyenne","Non"
"102","Fremontodendron californicum  Coville","Fremontia de Californie","Malvaceae","Oui","Californie, Mexique Nord-Ouest","Non","Oui","Oui","Arbrisseau","Non","Oui","Non","Oui","Elaiosmome pour fourmis, et graines pour oiseaux et mammifères.",NA,NA,"Arbuste sarmenteux original à floraison solaire, aussi intéressant palissé, isolé contre un mur qu'en fond de massif. Il orne à merveille un talus de bord de mer car il supporte le vent et les embruns","Non","Feuillu","[""Poils urticants""]","Genévrier commun,pin jaune","Non","[""Aucun""]","Non","Oui","Simple","Moyennement dense","Palmilobé","Poilue","Petite","Semi-persistant","Jaune","[""4"",""5"",""6"",""7""]","[""Apparence""]",NA,"Capsule à 5 valves, avec des graines contenant des elaiosomes","Non","Oui","5.5","Espèce allochtone","Moyen",NA,"Fourmis","Oui","Moyen","Courte","Oui","Oui","Exogène","Oui","[""Aucun""]","Non","Non","Oui","Pyramidal","Oui","Aucun","Traçant","Espèce non citée","Thermophile","Forte","Mésoxérophyte","Intolérant","Glycophyte tolérante","[""Sable"",""Limon"",""Humus"",""Gravier/roches""]","Non","Non","Non","Non","Non","Rapide","Non"
"103","Genista cinerea","Genêt cendré","Fabaceae","Oui","Ouest-méditerranéenne","Oui","Oui","Oui","Sous-arbrisseau","Non","Oui","Oui","Non","Pollinisée par les insectes ; dispersée par les animaux.",NA,NA,"C'est un arbrisseau, non épineux, au port dressé. Ses rameaux sont fins en forme de jonc avec des feuilles vertes caduques. Il a un port dense et une abondante floraison jaune intense.","Non","Feuillu","[""Brûlures""]","Aphyllanthe de Montpellier,buis,genêts cendré et d'Espagne,lavande officinale,thym,orchis,érable de Montpellier,chêne pubescent","Non","[""Aucun""]","Non","Oui","Simple","Ouvert","Lancéolé ou ovale","Poilue","Petite","Caduc",NA,"[""5"",""9"",""7"",""8""]","[""Apparence""]",NA,"Gousses velues soyeuses, longues de 15-20 mm, contenant 2 à 5 graines luisantes.","Non","Non","2","Espèce autochtone","Moyen",NA,NA,"Oui","Étroit","Moyenne",NA,"Oui","Indigène","Oui","[""Graines"",""Feuilles"",""Fleurs""]","Oui","Non","Oui","Buissonnant","Oui","Aucun","Traçant","Espèce citée dans plusieurs guides","Résistante","Moyenne","Xérophyte","Tolérant","Glycophyte tolérante","[""Sable"",""Limon"",""Humus"",""Gravier/roches""]","Non","Oui","Non","Non","Oui","Rapide","Non"
"104","Genista hispanica","Genêt d'Espagne","Fabaceae","Oui","Franco-ibérique","Oui","Oui","Oui","Sous-arbrisseau","Non","Oui","Oui","Non","On peut planter des genêts d'Espagne aux fleurs parfumées et mellifères pour attirer les insectes butineurs.","Les fleurs et surtout les fruits ressemblant à des haricots contiennent une quantité importante d’un alcaloïde très toxique pour le cœur à forte dose : la spartéine. Ils ne doivent en aucun cas être ingérés ou utilisés en infusion ou décoction.",NA,"Le genêt d’Espagne affectionne les situations chaudes et ensoleillées et abritées des vents froids venant du nord ou de l'est où sa floraison est alors moins abondante.","Non","Feuillu","[""Epines"",""Brûlures""]","Aphyllanthe de Montpellier,pins d'Alep et sylvestre,buis,chêne pubescent,lavande","Non","[""Aucun""]","Non","Oui","Simple","Moyennement dense","Lancéolé ou ovale","Poilue","Petite","Caduc","Jaune","[""4"",""5"",""6""]","[""Apparence""]",NA,"Gousses petites, longues de 7-10 mm, larges de 4-5 mm, ovales ou en losange, à sommet apiculé redressé, glabres ou poilues ; 1 ou 2 graines ovoïdes brunes par gousse.","Non","Non","1","Espèce autochtone","Moyen",NA,NA,"Oui","Étroit","Moyenne",NA,"Oui","Indigène","Oui","[""Graines"",""Feuilles"",""Fleurs""]","Oui","Non","Oui","Buissonnant","Oui","Aucun","Traçant","Espèce citée dans plusieurs guides","Résistante","Moyenne","Xérophyte","Tolérant","Glycophyte tolérante","[""Sable"",""Limon"",""Humus"",""Gravier/roches""]","Non","Oui","Non","Non","Oui","Rapide","Non"
"105","Genista scorpius","Genêt scorpion","Fabaceae","Oui","Ouest-méditerranéenne","Oui","Oui","Oui","Sous-arbrisseau","Non","Oui","Oui","Non","Pollinisée par les insectes ; dispersée par les animaux.",NA,NA,"Arbuste très épineux, et toxique il a une hauteur de 1 à 2 m.","Non","Feuillu","[""Epines"",""Brûlures""]","Brachypodes rameux,pistachier lentisque,pin d'Alep,chênes vert et pubescent, cade, buis,romarin","Non","[""Aucun""]","Non","Oui","Simple","Ouvert","Lancéolé ou ovale","Poilue","Petite","Caduc","Jaune","[""5"",""6""]","[""Non""]",NA,"Gousses bosselées, glabres, longues de 3-4 cm contenant 4 à 7 graines ; graines comprimées, vert brunâtre.","Non","Non","2","Espèce autochtone","Très fort",NA,NA,"Oui","Étroit","Moyenne",NA,"Oui","Indigène","Oui","[""Graines"",""Feuilles"",""Fleurs""]","Oui","Non","Oui","Buissonnant","Oui","Aucun","Traçant","Espèce citée dans plusieurs guides","Thermophile","Moyenne","Xérophyte","Tolérant","Glycophyte tolérante","[""Sable"",""Limon"",""Humus"",""Gravier/roches""]","Non","Oui","Non","Non","Oui","Rapide","Non"
"106","Ginkgo biloba L.","Ginkgo,  Arbre aux quarante écus","Ginkgoaceae","Non","Chine: Zhejiang Sheng","Non","Oui","Oui","Arbre","Non","Oui","Oui","Oui",NA,NA,NA,"Structurant en alignement par son port droit et ses charpentières tabulaires, il peut être planté isolé pour signaler un espace particulier, inviter à s’attarder et créer l’événement en automne par sa couleur jaune d’or qui laisse un tapis de petits éventails au sol.C'est un arbre emblématique avec une très belle architecture des sujets âgés.","Oui","Conifère","[""Fruits salissants""]","Cryptoméria,mélèze de Chine,","Non","[""Fructification pouvant entraîner des dommages""]","Non","Oui","Simple","Ouvert","Ronde","Glabre","Moyenne","Caduc","Vert","[""4"",""5""]","[""Non""]",NA,"Les cônes femelles ressemblent à une petite prune jaune dont la partie charnue est toxique ; la pulpe se décompose en dégageant une odeur nauséabonde. La première fructification se produit dans la vingtième année, si on dispose des deux sexes . L’amande est comestible et très nutritive.","Oui","Oui","30","Espèce allochtone","Faible",NA,NA,"Oui","Large","Record","Oui","Non","Exogène","Oui","[""Fruits""]","Oui","Non","Non","Pyramidal","Oui","Aucun","Mixte","Espèce non citée","Résistante","Très forte","Résistant","Tolérant","Glycophyte tolérante","[""Sable"",""Limon"",""Argile"",""Humus""]","Oui","Non","Oui","Oui","Oui","Lente","Oui"
"107","Gleditsia triacanthos L.","Févier d'Amérique , carouge à miel","Fabaceae","Oui","Canada : Ontario, Etats-Unis : Indiana, Pennsylvania, Illinois, Iowa, Kansas, Minnesota , Texas","Oui","Oui","Oui","Arbre","Non","Oui","Non","Oui",NA,"Le feuillage très riche en protéines sert de fourrage, frais ou ensilé. Les graines torréfiées sont utilisées en remplacement du café",NA,"Avec son port ample et aéré au tronc droit, imposant et gerçuré , il est un bon marqueur saisonnier avec un feuillage vert brillant au printemps, jaune doré à l’automne. Ses fruits sont de grandes gousses rouge brun de l’automne à l’hiver. Il apporte une certaine légèreté aux espaces minéraux. Il peut vivre sur des sols médiocres et supporte la pollution.A planter en groupe ou isolé dans les parcs et grands jardins, en mail pour animer un espace.","Oui","Feuillu","[""Epines""]","Noyer noir,chêne à gros fruits,érable negundo","Non","[""Fructification pouvant entraîner des dommages""]","EVEE","Oui","Composée","Ouvert","Lancéolé ou ovale","Glabre","Petite","Caduc","Vert-jaune","[""5"",""6""]","[""Parfum""]",NA,"Gousses coriaces, aplaties, brun foncé, jusqu'a 40cm de long, persistent en hiver  pulpe des graines comestible","Non","Oui","25","Invasive avérée","Très fort",NA,"Abeilles, papillons, syrphes, chrysopes, hyménoptères parasitoides de psylles","Oui","Large","Longue","Oui","Oui","Exogène","Oui","[""Aucun""]","Non","Oui","Oui","Arrondi","Oui","Racines agressives","Mixte","Espèce citée dans un guide","Mésothermophile","Très forte","Mésoxérophyte","Tolérant","Glycophyte tolérante","[""Sable"",""Limon"",""Argile"",""Gravier/roches""]","Oui","Non","Oui","Non","Non","Moyenne","Non"
"108","Globularia alypum","Globulaire buissonnante","Plantaginaceae","Oui","Euroméditerranéenne asiatique.","Non","Oui","Non","Sous-arbrisseau","Non","Oui","Oui","Oui","Pollinisée par les insectes ; dispersée par les animaux.","La globulaire est une plante aux vertus médicinales reconnues et utilisées. Dans le domaine de la phytothérapie, elle sert à lutter contre les maux d’estomac et la goutte. Elle permet également d’éliminer l’excès d’eau dans l’organisme grâce à ses propriétés dépuratives.",NA,"On le retrouve dans les lieux secs et rocailleux. De novembre à mai, il a des petites fleurs zygomorphes bilabiées, d'un joli bleu clair aux reflets violets, odorantes, mellifères,","Non","Feuillu","[""Aucun""]","Romarin,aphyllanthe de Montpellier,carline commune,génévrier","Non","[""Aucun""]","Non","Oui","Simple","Ouvert","Lancéolé ou ovale","Cireuse","Petite","Persistant","Bleu","[""4"",""5"",""6""]","[""Apparence""]",NA,"Akène","Non","Oui","1","Espèce autochtone","Moyen",NA,NA,"Oui","Étroit","Courte","Oui","Oui","Indigène","Oui","[""Feuilles""]","Oui","Oui","Oui","Buissonnant","Oui","Aucun","Cœur","Espèce citée dans plusieurs guides","Thermophile","Forte","Xérophyte","Tolérant","Glycophyte tolérante","[""Sable"",""Limon"",""Argile"",""Humus"",""Gravier/roches""]","Oui","Non","Non","Non","Oui","Rapide","Non"
"109","Grevillea banksii R.Br.","Grévillaire rouge","Proteaceae","Oui","Australie : Queensland","Non","Oui","Oui","Arbuste","Non","Oui","Oui","Oui","Très nectarifère, il est visité par les oiseaux et les insectes",NA,NA,"Arbuste à petit arbre élancé atteignant 3 à 8 m de hauteur, à son écorce noire est très fendillée, à feuilles profondément découpée, fréquemment orné de fleurs d'un rouge écarlate, disposées en écouvillons.","Oui","Feuillu","[""Brûlures""]","Casuarina,albizia,mimosas decurrent","Non","[""Aucun""]","B-EVEE à l'étranger","Oui","Simple","Moyennement dense","Lobée","Poilue","Grande","Persistant","Rouge, rose ou blanc-crème","[""6"",""7""]","[""Apparence""]",NA,"Caspules ligneuses d'un cm d'épaisseur qui se fendent pour relâcher 1 à 2 graines","Non","Oui","10","Espèce allochtone","Très fort",NA,"Grevillea sont pollinisées par des insectes, avec des coléoptères, des mouches et peut-être des abeilles ont été signalés Aussi par oiseaux","Oui","Étroit","Longue","Oui","Oui","Exogène","Oui","[""Fleurs"",""Ecorce""]","Oui","Oui","Oui","Pyramidal","Oui","Aucun",NA,"Espèce non citée","Mésothermophile","Faible","Mésoxérophyte","Tolérant","Glycophyte tolérante","[""Sable"",""Limon""]","Oui","Non","Oui","Non","Oui","Moyenne","Non"
"110","Grevillea robusta A.Cunn. ex R.Br.","Arbre à soie , Chêne soyeux d'Australie","Proteaceae","Oui","Australie : New South Wales","Non","Oui","Oui","Arbre","Non","Oui","Oui","Oui","Très nectarifère, il est visité par les oiseaux et les insectes",NA,NA,"Il a un enracinement profond, des  Inflorescences remarquables, et une belle morphologie. Peu sensible aux pathogènes, il supporte bien la taille. On l'utilise pour lutter contre l'érosion des sols .","Oui","Feuillu","[""Brûlures""]","Casuarina,albizia,mimosas decurrent","Non","[""Branches cassantes""]","A-EVEE à l'étranger","Oui","Composée","Moyennement dense","Palmilobé","Poilue","Grande","Semi-persistant","Jaune-orangé","[""6"",""7""]","[""Apparence""]",NA,"Le fruit est un follicule de 2 cm contenant 1-2 graine.","Non","Oui","15","Espèce allochtone","Très fort",NA,"Abeilles, fourmis","Oui","Moyen","Longue","Oui","Non","Exogène","Oui","[""Fleurs"",""Ecorce""]","Oui","Non","Oui","Pyramidal","Non","Aucun","Pivotant","Espèce non citée","Mésothermophile","Moyenne","Mésoxérophyte","Tolérant","Glycophyte tolérante","[""Limon""]","Oui","Non","Oui","Non","Oui","Moyenne","Non"
"111","Hardenbergia comptoniana  Benth.","Hardenbergie comptoniana","Fabaceae","Oui","Australie de l'Ouest","Non","Oui","Oui","Liane","Non","Oui","Oui","Non","La floraison est longue. Elle peut aussi s'exprimer lors d'hivers doux. Tapissant les murs, une plante liane constitue des habitats intéressants pour la faune",NA,NA,"L'Hardenbergia est une liane volubile qui forme des grappes de fleurs violettes qui ressemblent au pois, contrastant avec son feuillage persistant ciré sombre.","Oui","Feuillu","[""Aucun""]","Photinia,caprier,daphné, bougainvillier","Non","[""Aucun""]","Non","Oui","Simple","Moyennement dense","Lancéolé ou ovale","Cireuse","Moyenne","Persistant","Violet","[""3"",""4"",""5""]","[""Apparence""]",NA,"Les gousses de 3,5 cm sont cylindriques, enflées, marron-gris et glabres","Non","Oui","2","Espèce allochtone","Faible",NA,"Papillons","Oui","Étroit","Moyenne",NA,"Oui","Exogène","Oui","[""Graines""]","Non","Oui","Oui","Liane","Non","Aucun",NA,"Espèce non citée","Mésothermophile","Moyenne","Mésoxérophyte","Tolérant","Glycophyte tolérante","[""Sable"",""Limon"",""Argile""]","Non","Non","Non","Non","Oui","Rapide","Oui"
"112","Hardenbergia violacea  Stearn","Salsepareille australienne","Fabaceae","Oui","Nouvelle-Galles du Sud, Queensland, Australie méridionale, Tasmanie, Victoria.","Non","Oui","Oui","Liane","Non","Oui","Oui","Oui","Tapissant les murs, une plante liane constitue des habitats intéressants pour la faune","Graines toxiques",NA,"L'Hardenbergie violacée, Hardenbergia violacea, est une grimpante volubile, élégante et originale, à la floraison spectaculaire et mellifère, pour les jardins en climat doux ou les vérandas","Oui","Feuillu","[""Aucun""]","Photinia,caprier,daphné,bougainvillier","Non","[""Aucun""]","Non","Oui","Simple","Moyennement dense","Lancéolé ou ovale","Cireuse","Moyenne","Persistant","Mauve","[""3"",""4"",""5""]","[""Apparence""]",NA,"Gousses déhiscentes brun foncé contenant 6 à 8 graines","Non","Oui","3","Espèce allochtone","Faible",NA,NA,"Oui","Étroit","Courte",NA,"Oui","Exogène","Oui","[""Graines""]","Non","Oui","Oui","Liane","Non","Aucun",NA,"Espèce non citée","Mésothermophile","Moyenne","Mésoxérophyte","Tolérant","Glycophyte tolérante","[""Sable"",""Limon"",""Argile"",""Gravier/roches""]","Non","Non","Non","Non","Oui","Rapide","Oui"
"113","Hedera helix L.","Lierre grimpant","Araliaceae","Oui","Subméditerranéenne subatlantique","Oui","Oui","Oui","Liane","Non","Oui","Oui","Oui","Pollinisée par les insectes, dispersée par les oiseaux, c'est une  plante mellifère donnant un miel amer mais permettant aux abeilles de compléter leurs provisions pour l'hiver. Ses baies sont très appréciées du pigeon ramier et d'autres oiseaux en période hivernale en raison de sa phénologie décalée","En médecine, il entre dans la composition de médicaments phytothérapiques grâce à ses principes actifs de saponines, dont l'hédérine et l'alphahéderine, pour le traitement de la toux.Les fruits du lierre commun, petites baies noires, sont très toxiques pour les humains et certains animaux. Ses feuilles, quant à elles, peuvent provoquer chez certaines personnes des irritations de la peau. Il en est de même pour sa sève que l'on n'a heureusement guère l'occasion de toucher",NA,"Espèce couvre-sol, grimpante devenant arbustive avec l‘âge au feuillage vert luisant facilement identifiable par son graphisme. Le lierre vient animer les façades, les murets et monte à l’assaut des structures verticales et des arbres. Il apporte de la fraîcheur aux surfaces qu’il couvre. Il symbolise la fidélité du fait de son adhérence à son support, son association aux vieilles pierres qu’il investit est emblématique.","Oui","Feuillu","[""Aucun""]","Laurier tin, térébinthe, Aphyllanthe de Montpellier,chêne vert,buis,cade,génévrier,buis","Non","[""Aucun""]","A-EVEE à l'étranger","Oui","Simple","Dense","Palmilobé","Cireuse","Moyenne","Persistant","Jaune verdâtre","[""9"",""10""]","[""Non""]",NA,"Baies globuleuses noir bleuâtre","Non","Oui","30","Espèce autochtone","Moyen",NA,NA,"Oui","Moyen","Longue","Non","Oui","Indigène","Oui","[""Fruits"",""Feuilles""]","Oui","Oui","Oui","Liane","Oui","Aucun",NA,"Espèce citée dans plusieurs guides","Résistante","Moyenne","Mésophyte","Tolérant","Glycophyte tolérante","[""Argile"",""Humus"",""Gravier/roches""]","Non","Oui","Non","Oui","Oui","Rapide","Oui"
"114","Helichrysum italicum","Immortelle tardive","Asteraceae","Oui","Sud-européenne","Non","Oui","Oui","Herbacée","Non","Oui","Oui","Non","Grâce à sa teneur en huiles essentielles, l’Helichrysum italicum est naturellement protégée des insectes friands de feuillage.","En cuisine, les fleurs d'mmortelles ne valent pas le vrai curry, un mélange d'épices complexe au parfum plus subtil et tenant beaucoup mieux à la cuisson.",NA,"L'hélichryse  utilisé dans les massifs fleuris au jardin d'ornement","Non","Feuillu","[""Aucun""]","Romarin,immortelle,lys de mer","Oui","[""Aucun""]","Non","Oui","Simple","Moyennement dense","Lancéolé ou ovale","Limbe réduit","Petite","Persistant","Jaune","[""5"",""6"",""7"",""8""]","[""Apparence""]",NA,"Akènes glanduleux","Non","Oui","1","Espèce autochtone","Faible",NA,NA,"Oui","Étroit","Moyenne","Non","Oui","Indigène","Oui","[""Aucun""]","Oui","Oui","Oui","Buissonnant","Oui","Aucun",NA,"Espèce citée dans plusieurs guides","Thermophile","Moyenne","Mésoxérophyte","Tolérant","Glycophyte tolérante","[""Sable"",""Gravier/roches""]","Oui","Oui","Non","Non","Non","Rapide","Non"
"115","Helichrysum stoechas","Immortelle des dunes","Asteraceae","Oui","Ouest-méditerranéenne","Non","Oui","Oui","Herbacée","Non","Oui","Oui","Non","Pollinisée par les insectes .","En dehors de son utilisation en bouquets secs,ses fleurs ont  des vertus antitussives et diurétiques. En cuisine, les immortelles ne valent pas le vrai curry, un mélange d'épices complexe au parfum plus subtil et tenant beaucoup mieux à la cuisson. En Espagne, les fleurs de l'immortelle des dunes sont toutefois utilisées en infusion et fournissent une tisane improprement appelée « manzanilla », ce qui signifie camomille.",NA,"Sous-arbrisseau annuel ou vivace, il est utilisé dans les massifs fleuris au jardin d'ornement ou planté en solitaire.","Non","Feuillu","[""Aucun""]","Lavande,romarin,buis,chêne vert,genêt d'Espagne[Pelouses, rocailles, sables maritimes, formations arbustives basses;  Sables dolomitiques .","Oui","[""Aucun""]","Non","Oui","Simple","Ouvert","Lancéolé ou ovale","Limbe réduit","Petite","Persistant","Jaune d'or","[""4"",""5"",""5"",""7""]","[""Apparence""]",NA,"Akènes petits, brunâtres, couverts de glandes brillantes.","Non","Oui","1","Espèce autochtone","Faible",NA,NA,"Oui","Étroit","Moyenne","Non","Oui","Indigène","Oui","[""Aucun""]","Oui","Oui","Oui","Buissonnant","Oui","Aucun",NA,"Espèce citée dans plusieurs guides","Thermophile","Forte","Xérophyte","Tolérant","Glycophyte tolérante","[""Sable"",""Gravier/roches""]","Oui","Oui","Non","Oui","Non","Rapide","Non"
"116","Heteromeles arbutifolia  M.Roem.","Faux houx de Californie","Rosaceae","Oui","Californie, Péninsule de basse Californie, Nord Ouest du Mexique","Non","Oui","Oui","Arbrisseau","Non","Oui","Oui","Oui","Nectarifère, il est visité par les abeiles et les papillons. Les fruits attirent les oiseaux. C'est également un bon abris pour les oiseaux, et petits mammifères","On consomme les fruits cuits après les avoir fait sécher, puis on les incorpore dans des galettes et gateaux. On peut également en faire des gelées. Mais attention, les fruits non mûres et crus, et les feuilles sont toxiques et  contiennent des glycosides cyanogéniques",NA,"Les premières années, il est nécessaire de faire un arrosage régulier. Heteromeles arbutifolia doit être planté sur un sol profond, bien drainé. Il est résistant à la sécheresse et supporte les embruns","Non","Feuillu","[""Dépôt de miellat""]","Chêne de Californie,nerprun,cerisier à feuilles de houx","Non","[""Aucun""]","Non","Oui","Simple","Dense","Lancéolé ou ovale","Glabre","Moyenne","Persistant","Blanc","[""6"",""7""]","[""Apparence""]",NA,"Baies rouges orangées , comestibles quand mûres","Non","Oui","9","Espèce allochtone","Moyen",NA,"Abeilles , papillons, coléoptères, guèpes, mouches syrphes","Oui","Moyen","Longue","Oui","Oui","Exogène","Oui","[""Fruits"",""Feuilles""]","Oui","Oui","Oui","Arrondi","Oui","Drageonnantes","Mixte","Espèce citée dans un guide","Mésothermophile","Moyenne","Mésoxérophyte","Tolérant","Glycophyte tolérante","[""Sable"",""Limon"",""Humus"",""Argile""]","Non","Non","Non","Non","Oui","Moyenne","Non"
"117","Hibiscus syriacus","Hibiscus de Syrie","Malvaceae","Oui","Distribution géographique  : Est de l'Asie ou Est ou Sud de la Chine ou Mandschourie.","Non","Oui","Oui","Arbrisseau","Non","Oui","Oui","Non","Nectarifère, il est visité par les abeilles, les papillons et les colibris",NA,NA,"Arbuste à la forme buissonnante présentant un intérêt ornemental du point de vue de sa floraison en pavillon rose, mauve ou blanc  tout au long de l’été.","Non","Feuillu","[""Aucune""]","Chênes vert et pubescent,prunellier, épine-vinette","Oui","[""Aucune""]","Alerte","Oui","Simple","Moyennement dense","Lobée","Glabre","Moyenne","Caduc","Lilas, rose","[""6"",""7"",""8"",""9"",""10""]","[""Apparence""]",NA,NA,"Non","Non","3","Espèce allochtone","Faible",NA,NA,"Oui","Étroit","Moyenne","Non","Oui","Exogène","Oui","[""Aucun""]","Oui","Oui","Oui","Buissonnant","Oui","Aucun","Cœur","Espèce non citée","Résistante","Forte","Résistant","Tolérant","Glycophyte intolérante","[""Sable"",""Limon"",""Humus""]","Oui","Oui","Non","Non","Non","Moyenne","Oui"
"118","Hippocrepis emerus","Coronille faux-séné","Fabaceae","Oui","Supraméditerranéenne","Oui","Oui","Oui","Arbrisseau","Non","Oui","Oui","Non","Pollinisée par les insectes ; dispersée par les animaux.","Les coronilles sont toxiques, les substances toxiques particulièrement sont concentrées dans leurs graines et leurs fleurs.",NA,"La coronille des jardins se cultive en plein soleil ou à mi-ombre dans un sol léger, peu fertile et bien drainé, tolérant un sol sec, calcaire et pauvre. Elle se cultive en massif arbustif ou fleuri, en lisière de sous-bois, ou dans tout jardin sec.","Non","Feuillu","[""Aucun""]","Chênes vert et pubescent,prunellier, épine-vinette,romarin","Non","[""Aucun""]","Non","Oui","Composée","Moyennement dense","Lancéolé ou ovale","Glabre","Petite","Caduc","Jaune","[""4"",""5"",""6"",""7"",""8"",""9""]","[""Apparence""]",NA,"Gousses étroites et longues , noirâtres, articulées.","Non","Oui","2","Espèce autochtone","Moyen",NA,NA,"Oui","Étroit","Moyenne","Oui","Oui","Indigène","Oui","[""Graines"",""Fleurs""]",NA,"Oui","Oui","Buissonnant","Oui","Aucun","Cœur","Espèce citée dans plusieurs guides","Thermophile","Moyenne","Mésoxérophyte","Tolérant","Glycophyte tolérante","[""Sable"",""Humus"",""Gravier/roches""]","Non","Oui","Non","Non","Oui","Moyenne","Oui"
"119","Hippophae rhamnoides","Argousier, Saule épineux","Elaeagnaceae","Oui","Eurasiatique, périalpine continentale","Non","Oui","Oui","Sous-arbrisseau","Non","Oui","Non","Oui","Plante hôte pour le Sphinx de l'argousier","Les fruits sont comestibles, ils sont riches en vitamine C, flavonoïdes et anthocyanes. Crus, ils sont acides ; ils peuvent être préparés en marmelade ou en gelée.",NA,"Grand arbuste au port évasée étalé dense. Il se remarque par sa floraison jaune vert en avril suivi de petites baies orangées en grappes denses très décoratives. Son feuillage est tout aussi remarquable par sa finesse et sa teinte  argenté retombant et semi persistant. Très résistant au vent, et peu exigeant quant à la qualité du sol, il ne supporte toutefois pas les sols imperméables. Il offre une certaine légèreté aux haies par sa forme libre et sa luminosité.","Oui","Feuillu","[""Epines""]","Sureau noir,rosier des haies,troëne,saule rampant","Non","[""Aucun""]","Non","Oui","Simple","Dense","Lancéolé ou ovale","Glabre","Moyenne","Caduc","Verdâtre","[""3"",""4"",""5""]","[""Non""]",NA,"Baies jaunes ou oranges, globuleuses .","Non","Oui","3","Espèce autochtone","Moyen",NA,NA,"Oui","Moyen","Longue","Oui","Oui","Indigène","Oui","[""Aucun""]",NA,"Oui","Oui","Buissonnant","Oui","Aucun",NA,"Espèce citée dans plusieurs guides","Résistante","Forte","Résistant","Tolérant","Glycophyte intolérante","[""Sable"",""Limon"",""Argile"",""Humus"",""Gravier/roches""]","Non","Oui","Non","Oui","Non","Moyenne","Oui"
"120","Itea ilicifolia Oliv.","Itea à feuilles de houx","Iteaceae","Oui","Chine Nord-Centrale, Chine Sud-Centrale","Non","Oui","Oui","Arbrisseau","Non","Oui","Oui","Oui","Nectarifère, il est visité par les abeilles, les colibris et les papillons",NA,NA,"Rustique, il apprécie un sol riche, humifère et drainant, mais tolère un sol pauvre. Il sera planté à mi-ombre ou au soleil, à l'abri des vents froids et secs. Les fleurs dégagent un doux parfum de miel.","Non","Feuillu","[""Epines""]","Saule, chêne pubescent,tilleul","Oui","[""Aucun""]","Non","Oui","Simple","Dense","Lancéolé ou ovale","Cireuse","Moyenne","Persistant","Blanc verdâtre","[""6"",""7""]","[""Les deux""]",NA,"Capsule à deux sillons. Graines fuselées et noirâtres.","Oui","Oui","4","Espèce allochtone","Moyen",NA,"Abeille, papillons","Oui","Moyen","Moyenne","Oui","Oui","Exogène","Oui","[""Aucun""]","Oui","Oui","Oui","Buissonnant","Oui","Aucun",NA,"Espèce non citée","Mésothermophile","Moyenne","Résistant","Tolérant","Glycophyte intolérante","[""Sable"",""Limon"",""Argile"",""Humus""]","Oui","Non","Oui","Non","Non","Lente","Oui"
"121","Jacaranda mimosifolia D.Don","Flamboyant bleu","Bignoniaceae","Oui","Argentine Nord-Ouest, Bolivie, Paraguay","Oui","Oui","Oui","Arbre","Oui","Oui","Oui","Oui","Nectarifère, il est visité par les abeilles, les colibris et les papillons",NA,NA,"Exposition ensoleillée, protégée des vents violents. Craint la sécheresse estivale","Oui","Feuillu","[""Aucun""]","Robinier,tulipier du Gabon,merisier à grappes","Non","[""Branches cassantes""]","A-EVEE à l'étranger","Oui","Composée","Moyennement dense","Lancéolé ou ovale","Poilue sur deux faces","Petite","Semi-persistant","Bleu violet","[""6"",""7""]","[""Apparence""]",NA,"Capsules ligneuses brunes  de 5cm de diamètre, de la forme d'une huitre. Elles persistent longtemps sur l'arbre et contiennent des graines plates ailées","Non","Non","12","Exotique à surveiller","Faible",NA,"Abeilles, guèpes, bourdons","Oui","Large","Moyenne","Non","Oui","Exogène","Oui","[""Fruits"",""Graines"",""Feuilles"",""Sève"",""Fleurs"",""Ecorce"",""Racines""]","Oui","Oui","Oui","Étalé","Oui","Racines agressives","Traçant","Espèce non citée","Thermophile","Faible","Mésoxérophyte","Intolérant","Glycophyte intolérante","[""Sable"",""Limon""]","Non","Oui","Oui","Oui","Oui","Moyenne","Non"
"122","Jasminum fruticans L.","Jasmin d'été","Oleaceae","Oui","Circuméditerranéenne","Oui","Oui","Oui","Sous-arbrisseau","Non","Oui","Oui","Oui","Tapissant les murs, une plante liane constitue des habitats intéressants pour la faune","Le jasmin est très prisé en parfumerie. Pour lutter contre les névralgies, faites macérer des fleurs de jasmin dans de l'huile d'olive. À utiliser en friction.Le jasmin d'été donne des fruits toxiques en été",NA,"Cultivée comme plante ornementale. Ne pas confondre avec deux espèces cultivées à des fins ornementales : Jasminum nudiflorum fleurs jaunes rameaux retombants et Jasminum officinale fleurs blanches et feuilles à 5/7 folioles","Non","Feuillu","[""Aucun""]","Chênes vert et pubescent, romarin,arbre à perruque,térébinthe","Non","[""Aucun""]","Non","Oui","Composée","Ouvert","Lancéolé ou ovale","Cireuse","Petite","Persistant","Jaunes","[""5"",""6""]","[""Apparence""]",NA,"Baies noires, globuleuses, luisantes","Oui","Oui","1","Espèce autochtone","Moyen",NA,NA,"Oui","Étroit","Moyenne","Non","Oui","Indigène","Oui","[""Aucun""]","Oui","Oui","Oui","Buissonnant","Oui","Drageonnantes",NA,"Espèce citée dans plusieurs guides","Résistante","Moyenne","Xérophyte","Tolérant","Glycophyte tolérante","[""Limon"",""Humus""]","Non","Oui","Non","Oui","Non","Rapide","Oui"
"123","Jasminum nudiflorum Lindl.","Jasmin à fleurs nues, Jasmin d’hiver","Oleaceae","Oui","Chine Nord-Centrale, Chine Sud-Centrale, Tibet","Oui","Oui","Oui","Liane","Non","Oui","Oui","Oui","Tapissant les murs, une plante liane constitue des habitats intéressants pour la faune","Le jasmin offre  des baies, de couleur noire à maturité qui ne sont pas comestibles.",NA,"Longue floraison en hiver. Résiste au froid à la sécheresse et à l'ombre. Sans contraintes ou danger.","Non","Feuillu","[""Aucun""]","Deutzia,lilas","Non","[""Aucun""]","Non","Oui","Composée","Moyennement dense","Lancéolé ou ovale","Cireuse","Petite","Caduc","Jaune","[""12"",""1"",""2"",""3""]","[""Apparence""]",NA,"Petite baie noire ronde à deux valves.","Oui","Oui","3","Espèce allochtone","Fort",NA,"Abeilles, phalènes, mouches","Oui","Étroit","Courte","Non","Oui","Exogène","Oui","[""Aucun""]","Oui","Oui","Oui","Liane","Oui","Drageonnantes","Traçant","Espèce non citée","Mésothermophile","Forte","Résistant","Tolérant","Glycophyte tolérante","[""Limon"",""Humus""]","Non","Oui","Non","Oui","Non","Lente","Oui"
"124","Jasminum polyanthum Franch.","Jasmin blanc d'hiver","Oleaceae","Oui","Chine centre-sud, Myanmar","Oui","Oui","Oui","Liane","Non","Oui","Oui","Oui","Tapissant les murs, une plante liane constitue des habitats intéressants pour la faune","Le jasmin offre  des baies, de couleur noire à maturité qui ne sont pas comestibles.",NA,"Belle floraison odorante. Sans contrainte ou danger. Il peut être utilisé partout où il trouve un support","Non","Feuillu","[""Aucun""]","Deutzia,lilas","Non","[""Aucun""]","B-EVEE à l'étranger","Oui","Composée","Moyennement dense","Lancéolé ou ovale","Cireuse","Moyenne","Semi-persistant","Blanc, rose","[""4"",""5"",""6"",""7"",""8""]","[""Les deux""]",NA,"Petite baie noire d'un 1cm","Oui","Oui","3","Espèce allochtone","Moyen",NA,NA,"Oui","Étroit","Moyenne","Non","Oui","Exogène","Oui","[""Aucun""]","Oui","Oui","Oui","Liane","Oui","Drageonnantes",NA,"Espèce non citée","Mésothermophile","Faible","Résistant","Tolérant","Glycophyte tolérante","[""Sable"",""Limon"",""Argile""]","Non","Oui","Non","Non","Non","Moyenne","Oui"
"125","Juniperus communis","Genévrier commun","Cupressaceae","Oui","Holactique","Oui","Oui","Non","Arbuste","Non","Oui","Oui","Oui","Petit nombre d'insectes sur les genevriers en général. Les graines nourrisent oiseaux et petite faune. Les branches denses offrent un abri pour les oiseaux en hiver","Les baies du genévrier commun  sont largement employées en art culinaire et pour la fabrication d'alcool de genièvre. Elles ont également un usage traditionnel médicinal pour faciliter la digestion et pour leur effet diurétique.",NA,"Port érigé pour ce petit arbuste au feuillage persistant dense à la texture raide et épineuse d’un vert glauque.","Non","Conifère","[""Epines""]","Bruyère arborescente,lavande,cistes,chêne pubescent","Non","[""Aucun""]","Non","Oui","Simple","Dense","Aiguille","Limbe réduit","Petite","Persistant","Floraison très discrete","[""4"",""5""]","[""Non""]",NA,"Cônes charnus globuleux , longuement dépassés par les feuilles, contenant généralement 3 graines.","Non","Oui","10","Espèce autochtone","Fort",NA,NA,"Oui","Étroit","Très longue","Non","Oui","Indigène","Oui","[""Feuilles""]","Oui","Oui","Non","Pyramidal","Non","Aucun","Pivotant","Espèce citée dans plusieurs guides","Thermophile","Forte","Xérophyte","Tolérant","Glycophyte tolérante","[""Sable"",""Limon"",""Argile"",""Gravier/roches""]","Non","Non","Oui","Non","Oui","Lente","Non"
"126","Juniperus drupacea Labill.","Genévrier de Syrie","Cupressaceae","Oui","Israël, Liban, Syrie, Turquie, Grèce.","Oui","Non","Non","Arbre","Non","Oui","Oui","Oui","Petit nombre d'insectes sur les genevriers en général. Les graines nourrisent oiseaux et petite faune. Les branches denses offrent un abri pour les oiseaux en hiver","Ses fruits sont  consommés dans certaines régions.Ainsi, ses cônes servent à réaliser des sortes de purées riches en vitamines et en sucre. Mais son feuillage n’attire pas du tout les herbivores.Il est souvent abattu pour son bois avec lequel on produit des objets de menuiserie ou encore du bois de chauffage",NA,"Le Genévrier de Syrie est un des plus grands Genévriers puisqu’il peut atteindre 40 mètres de hauteur. Mais généralement il ne mesure que 20 à 30 mètres.","Non","Conifère","[""Epines""]","Chêne méditerranéen,laurier sauce","Non","[""Aucun""]","Non","Oui","Simple","Dense","Écaille","Limbe réduit","Petite","Persistant","Cones mâles jaune","[""6"",""7"",""8""]","[""Non""]",NA,"Cône ovoïde en forme de drupe 2 à 2,5 cm de diamètre, avec 6 à 9 écailles charnues soudées, couvert de pruine, brun ou bleu, mûr en 2 ans.","Non","Oui","30","Espèce allochtone","Fort",NA,NA,"Oui","Étroit","Très longue","Non","Oui","Exogène","Oui","[""Fruits"",""Feuilles""]","Oui","Oui","Non","Pyramidal","Non","Aucun","Pivotant","Espèce non citée","Thermophile","Très forte","Mésoxérophyte","Tolérant","Glycophyte tolérante","[""Sable"",""Limon"",""Gravier/roches""]","Oui","Non","Oui","Non","Oui","Lente","Non"
"127","Juniperus oxycedrus","Genévrier Cade","Cupressaceae","Oui","Circumméditerrnanéenne","Oui","Oui","Non","Arbuste","Non","Oui","Oui","Oui","Petit nombre d'insectes sur les genevriers en général. Les graines nourrissent oiseaux et petite faune. Les branches denses offrent un abri pour les oiseaux en hiver","Du genévrier cade , on extrait toujours l'huile de cade utilisée à usage vétérinaire pour son action antiseptique et répulsive contre les mouches et autres insectes piqueurs des chevaux et des troupeaux.",NA,"Le genévrier est un petit conifère au feuillage décoratif qui peut s’adapter à tous les jardins. Sans entretien particulier, il est assez rustique.","Non","Conifère","[""Epines""]","Brachypode rameux,romarin,thym,genêt scorpion,pistachier lentisque, nerprun alaterne,chêne vert","Non","[""Aucun""]","Non","Non","Simple","Dense","Aiguille","Limbe réduit","Petite","Persistant",NA,"[""2"",""3"",""4""]","[""Non""]",NA,"Fruits globuleux et charnus, ayant l'aspect d'une baie, rouges ou rouge-brun luisants, sans poussière glauque à maturité, d'environ 8-10 mm, contenant une graine à maturité.","Non","Oui","5","Espèce autochtone","Fort",NA,NA,"Oui","Étroit","Très longue","Non","Oui","Indigène","Non","[""Feuilles""]","Oui","Oui","Non","Pyramidal","Non","Aucun","Pivotant","Espèce citée dans plusieurs guides","Thermophile","Forte","Xérophyte","Tolérant","Glycophyte tolérante","[""Sable"",""Limon"",""Argile"",""Gravier/roches""]","Non","Non","Oui","Non","Oui","Lente","Non"
"128","Juniperus phoenicea","Genévrier de phénicie","Cupressaceae","Oui","Circumméditerranéenne","Oui","Oui","Non","Arbuste","Non","Oui","Oui","Oui","Petit nombre d'insectes sur les genevriers en général. Les graines nourrissent oiseaux et petite faune. Les branches denses offrent un abri pour les oiseaux en hiver.; également visité en hiver par les abeilles pour son pollen jaune","C'est une plante toxique, à ne pas confondre avec le Genévrier commun. Son bois d’excellente qualité sert pour la fabrication de petits objets",NA,"Le genévrier est un petit conifère au feuillage décoratif qui peut s’adapter à tous les jardins. Sans entretien particulier, il est assez rustique, mais toxique","Non","Conifère","[""Epines""]","Nerprun,buis,pistachier lentisque,olivier,romarin","Non","[""Aucun""]","Non","Non","Simple","Dense","Écaille","Limbe réduit","Petite","Persistant","Jaune, vert","[""2"",""3"",""4"",""5""]","[""Non""]",NA,"Normalement monoïque, parfois dioïque ; floraison en mai ; fructification à l'automne de la 2e année ; pollinisée par le vent ; dispersée par les oiseaux.","Non","Oui","5","Espèce autochtone","Fort",NA,"Attire insectes phytophages, polyphages et prédateurs, quelques abeilles","Oui","Étroit","Record","Non","Oui","Indigène","Non","[""Fruits"",""Feuilles""]","Oui",NA,"Oui","Pyramidal","Non","Aucun","Traçant","Espèce citée dans plusieurs guides","Thermophile","Faible","Xérophyte","Adapté","Glycophyte tolérante","[""Sable"",""Gravier/roches""]","Non","Non","Oui","Non","Oui","Lente","Non"
"129","Juniperus phoenicea var. turbinata","Genévrier de Phénicie - sous espèce","Cupressaceae","Oui","Maroc, Tunisie, Grèce, Italie, Espagne , France, Portugal.","Oui","Oui","Non","Arbuste","Non","Non","Oui","Oui","Petit nombre d'insectes sur les genevriers en général. Les graines nourrissent oiseaux et petite faune. Les branches denses offrent un abri pour les oiseaux en hiver.; également visité en hiver par les abeilles pour son pollen jaune","C'est une plante toxique, à ne pas confondre avec le Genévrier commun",NA,"Le genévrier est un petit conifère au feuillage décoratif qui peut s’adapter à tous les jardins. Sans entretien particulier, il est assez rustique, mais toxique","Non","Conifère","[""Epines""]","Nerprun,buis,pistachier,Tetraclinis articulata, Pistacia palaestina, Quercus calliprinos, OU seul","Non","[""Aucun""]","Non","Non","Simple","Dense","Écaille","Limbe réduit","Petite","Persistant","Jaune, vert","[""5""]","[""Non""]",NA,"Baie","Non","Oui","5","Espèce autochtone","Fort",NA,NA,"Oui","Étroit","Record","Non","Oui","Indigène","Non","[""Fruits"",""Feuilles""]","Oui","Non","Oui","Pyramidal","Non","Aucun","Traçant","Espèce citée dans plusieurs guides","Thermophile","Faible","Xérophyte","Adapté","Glycophyte tolérante","[""Sable"",""Gravier/roches""]","Non","Non","Oui","Non","Oui","Lente","Non"
"130","Koelreuteria bipinnata Franch.","Faux savonnier bipenné","Sapindaceae","Oui","Chine : Anhui Sheng, Zhejiang Sheng, Hunan Sheng, Hubei Sheng, Jiangxi Sheng, Jiangsu Sheng, Guangdong Sheng, Guizhou Sheng, Sichuan Sheng, Yunnan Sheng, Guangxi Zhuangzu Zizhiqu","Non","Oui","Oui","Arbre","Non","Oui","Oui","Oui",NA,"L’écorce et le fruit contiennent de la saponine exploitée en Asie comme shampoing. Un colorant jaune est extrait des fleurs tandis que les graines servent de perles en Chine. La plante sert aussi à soigner les conjonctivites et l’épiphora .",NA,"Kœlreuteria bipinnata est une espèce de premier choix pour les alignements d’avenues. Son feuillage fin procure une ombre légère et la caducité de son feuillage est très appréciable en période hivernale. En bosquet dans les parcs et jardins.","Oui","Feuillu","[""Aucun""]","Tilleul,frêne,érable rouge","Non","[""Branches cassantes""]","B-EVEE à l'étranger","Oui","Composée","Ouvert","Lancéolé ou ovale","Glabre","Moyenne","Caduc","Jaune vif","[""7"",""8"",""9""]","[""Apparence""]",NA,"Capsules papyracées ovoïdes atteignant jusqu’à 6 cm de longueur, devenant pourpres à maturité, elles peuvent persister en hiver","Oui","Oui","15","Espèce allochtone","Faible",NA,"Abeilles","Non","Large","Longue","Non","Oui","Exogène","Oui","[""Feuilles""]","Oui","Oui","Oui","Étalé","Oui","Aucun","Cœur","Espèce citée dans un guide","Mésothermophile","Faible","Résistant","Intolérant","Glycophyte tolérante","[""Sable"",""Limon"",""Argile""]","Non","Oui","Oui","Non","Oui","Moyenne","Oui"
"131","Koelreuteria paniculata Laxm.","Savonnier de Chine","Sapindaceae","Oui","Chine du Nord-Centre, Chine du Sud-Centre, Chine du Sud-Est, Corée, Mandchourie","Non","Oui","Oui","Arbre","Non","Oui","Oui","Oui","Les graines véhiculées par les oiseaux deviennent très fertiles.","Les plantes à savon ne fabriquent pas du savon à proprement parler, mais contiennent une molécule, la saponine  au pouvoir détergent naturel.",NA,"Petit arbre aux couleurs et aux fruits notables. Feuilles bien adaptées à la captation des polluants gazeux.","Oui","Feuillu","[""Aucun""]","Tilleul,frêne,érable rouge","Non","[""Branches cassantes""]","B-EVEE à l'étranger","Oui","Composée","Ouvert","Lancéolé ou ovale","Glabre","Moyenne","Caduc","Jaune","[""6"",""7""]","[""Apparence""]",NA,"Capsules papyracées décoratives brunes rougeâtres maturité des graines en climat méditerranéen","Oui","Oui","10","Espèce allochtone","Moyen",NA,"Abeilles","Non","Large","Longue","Oui","Oui","Exogène","Oui","[""Feuilles""]","Oui","Oui","Oui","Étalé","Oui","Aucun","Cœur","Espèce citée dans un guide","Mésothermophile","Moyenne","Mésoxérophyte","Tolérant","Glycophyte tolérante","[""Sable"",""Limon"",""Argile"",""Gravier/roches""]","Oui","Oui","Oui","Non","Oui","Moyenne","Oui"
"132","Lagerstroemia indica L.","Lilas des Indes","Lythraceae","Oui","Assam, Bangladesh, Cambodge, Chine du Sud-Central, Chine du Sud-Est, Himalaya oriental, Hainan, Myanmar, Népal, Taiwan, Vietnam","Non","Oui","Oui","Arbuste","Non","Oui","Oui","Oui","Visité par les bourdons et plusieurs espèces d'abeilles, c'est un habitat  pour les oiseaux","Il est utilisé dans la pharmacopée indienne. Sa racine est astringente, fébrifuge, l'écorce serait purgative. Son bois est recherché en ébénisterie",NA,"En isolé, en massif ou en haie, le lilas des Indes se caractérise par une abondante floraison estivale aux couleurs vives, une écorce décorative qui s'exfolie   et un feuillage d’automne aux tons flamboyants.Il a besoin de sol sufisamment profond ou d'un arrosage estival pour bien se développer.","Non","Feuillu","[""Dépôt de miellat""]","Weigélia,immortelle vivace,arbre à gentiane,hélianthème","Oui","[""Aucun""]","A-EVEE à l'étranger","Oui","Simple","Ouvert","Lancéolé ou ovale","Cireuse","Moyenne","Caduc","Blanc, violet, rose ou rouge, étamines jaunes","[""8"",""9""]","[""Apparence""]",NA,"Petites capsules déhiscentes, rondes et aplaties","Non","Oui","7","Espèce allochtone","Faible",NA,"Bourdons, abeilles  scarabés","Oui","Moyen","Longue","Non","Oui","Exogène","Oui","[""Aucun""]","Oui","Oui","Oui","Étalé","Non","Drageonnantes","Traçant","Espèce non citée","Thermophile","Forte","Résistant","Tolérant","Glycophyte intolérante","[""Sable"",""Limon"",""Argile""]","Oui","Oui","Non","Non","Non","Moyenne","Non"
"133","Laurus nobilis L.","Laurier-Sauce","Lauraceae","Oui","Circumméditerranéenne","Non","Oui","Oui","Arbre","Non","Oui","Oui","Oui","Les fleurs produisent des baies noires et brillantes qui font le bonheur des oiseaux de jardin","Le laurier sauce est un petit arbre aux feuilles très aromatiques qui sont employées toute l’année en cuisine. Elles parfument les sauces, les plats mijotés et les marinades. Il est aussi utilisé pour composer des bouquets garnis.Les feuilles mortes du laurier sauce contiennent des huiles toxiques pour les vers décomposeurs, il ne faut donc pas les composter.",NA,"Arbuste robuste au feuillage dense et persistant vert vif brillant aromatique. Il est adapté pour être planté en haie brise vent et brise vue.","Non","Feuillu","[""Aucune""]","Pistachier lentisque, chênes vert et kermès,cade, génévrier de phénicie","Oui","[""Aucun""]","B-EVEE à l'étranger","Oui","Simple","Dense","Lancéolé ou ovale","Cireuse","Moyenne","Persistant","Jaune","[""5"",""6""]","[""Non""]",NA,"Drupes ellipsoïdes noires, contenant une seule graine","Non","Oui","10","Espèce autochtone","Moyen",NA,NA,"Oui","Moyen","Longue","Non","Oui","Indigène","Oui","[""Aucun""]","Oui","Oui","Oui","Arrondi","Oui","Aucun",NA,"Espèce citée dans plusieurs guides","Thermophile","Forte","Résistant","Adapté","Glycophyte tolérante","[""Limon"",""Humus""]","Oui","Oui","Oui","Oui","Non","Lente","Non"
"134","Lavandula angustifolia Mill.","Lavande officinale","Lamiaceae","Oui","Ouest-méditerranéenne, subméditerranéenne","Non","Oui","Oui","Sous-arbrisseau","Non","Oui","Oui","Non","Reconnues pour leur fragrance et leur feuillage aromatique, les lavandes sont très attractives pour de nombreux insectes et évidemment pour les abeilles qui en tirent un miel typique:elles sont donc très mellifères attirant ainsi de nombreux insectes butineurs.","C'est une plante mellifère, très recherchée par les abeilles, connue et cultivée pour ses fleurs très parfumées ainsi que pour son feuillage aromatique et persistant. La lavande possède de nombreuses vertus médicinales : cicatrisante, antiseptique, bactéricide, calmante. Elle est recommandée pour soigner l'anxiété et le stress. La lavande est utilisée aussi en cuisine . Son nectar produit un miel très clair, crémeux et très doux.",NA,"C'est une vivace intéressante en période estivale pour sa floraison parfumée et son feuillage gris persistant.  Forte popularité  grace à son ambiance méditerranéenne qu'elle apporte et la cueillette des bractées pour la décoration. Elle est fréquentée de manière spectaculaire par les pollinisateurs spectaculaire.","Oui","Feuillu","[""Aucune""]","Aphyllanthe de Montpellier,immortelle,buis,chêne pubescent,genêts cendré et d'Espagne,thym, orchis,érable de Montpellier","Oui","[""Aucune""]","Non","Oui","Simple","Dense","Lancéolé ou ovale","Poilue sur deux faces","Petite","Persistant","Bleue ou violette","[""6"",""7"",""8"",""9""]","[""Les deux""]",NA,"Tétrakènes ovales bruns luisants","Non","Oui","1","Espèce autochtone","Moyen",NA,"Oui","Oui","Étroit","Moyenne",NA,"Oui","Indigène","Oui","[""Aucun""]","Oui","Oui","Oui","Buissonnant","Oui","Aucun",NA,"Espèce citée dans plusieurs guides","Thermophile","Moyenne","Xérophyte","Tolérant","Glycophyte tolérante","[""Sable"",""Limon"",""Gravier/roches""]","Oui","Oui","Non","Oui","Non","Rapide","Oui"
"135","Ligustrum japonicum Thunb.","Troène","Oleaceae","Oui","Chine Sud-Est, Japon, Corée, Nansei-shoto, Taiwan","Oui","Oui","Oui","Arbuste","Non","Oui","Oui","Oui","Ces fleurs, mellifères, donnent en été des fruits sous forme de baies, noires ou bleutées à maturité, appréciées des oiseaux mais toxiques par ingestion pour les humains et certains animaux.","Ses baies sont toxiques pour les humains",NA,"Le troène est un arbuste persistant au feuillage compact, très utilisé dans les haies, mais dont on peut aussi profiter en isolé.Leur effet décoratif et leur excellente adaptation à la taille font qu'ils sont très employés dans les jardins pour installer des haies-écrans protectrices permanentes très efficaces.","Oui","Feuillu","[""Brûlures""]","Poirier,tilleul,margousier,abricotier du Japon","Non","[""Aucun""]","B-EVEE à l'étranger","Oui","Simple","Dense","Lancéolé ou ovale","Cireuse","Moyenne","Persistant","Blanc","[""7"",""8""]","[""Les deux""]",NA,"Petites baies sombres en grappes","Oui","Oui","12","Exotique à surveiller","Faible",NA,"Coléoptères, hyménoptères, lépidoptères","Oui","Étroit","Moyenne","Non","Oui","Exogène","Oui","[""Graines""]","Oui","Oui","Oui","Arrondi","Oui","Racines agressives","Traçant","Espèce citée dans un guide","Résistante","Moyenne","Résistant","Tolérant","Glycophyte intolérante","[""Sable"",""Limon"",""Argile""]","Non",NA,"Oui","Oui","Oui","Rapide","Oui"
"136","Ligustrum vulgare L.","Troène commun","Oleaceae","Oui","Europe","Oui","Oui","Oui","Arbuste","Non","Oui","Oui","Oui","Ces fleurs, mellifères, donnent en été des fruits sous forme de baies, noires ou bleutées à maturité, appréciées des oiseaux. Il favorise l’hébergement de très nombreux insectes","Les baies sont toxiques par ingestion pour les humains et certains animaux.",NA,"Arbuste très ramifié au feuillage semi persistant dense et régulier supportant bien la taille. Sa floraison blanche ivoire parfumée en panicule apparaît en fin de printemps, elle est suivie de petites baies noires persistantes en hiver. Cette espèce convient particulièrement bien en haie séparative libre et taillée pour un effet  brise vent et brise vue. Elle est emblématique de haies en limites de parcelles.","Oui","Feuillu","[""Aucun""]","Viorne lantane,sureau rouge,arbre à perruque,berbéris commun,buis,génévriers de Phénicie et commun,baguenaudier,chênes vert et pubescent","Non","[""Aucun""]","A-EVEE à l'étranger","Oui","Simple","Dense","Lancéolé ou ovale","Glabre","Moyenne","Semi-persistant","Blanc","[""5"",""6"",""7""]","[""Les deux""]",NA,"Les fruits sont des baies globuleuses de couleur violacée à noire lorsqu’elles sont matures.","Oui","Oui","4","Espèce autochtone","Faible",NA,"Coléoptères, hyménoptères, lépidoptères","Oui","Étroit","Moyenne","Non","Oui","Indigène","Oui","[""Fruits"",""Graines"",""Feuilles"",""Ecorce""]","Oui","Oui","Oui","Buissonnant","Oui","Racines agressives","Traçant","Espèce citée dans un guide","Résistante","Forte","Résistant","Tolérant","Glycophyte intolérante","[""Sable"",""Limon"",""Argile""]","Non","Oui","Oui","Oui","Oui","Rapide","Oui"
"137","Lonicera etrusca","Chèvrefeuille d'Étrurie","Caprifoliaceae","Oui","Sud-européenne","Oui","Oui","Oui","Sous-arbrisseau","Non","Oui","Oui","Oui","Sa forme buissonante est un abris pour les oiseaux. Il est l'hôte de plusieurs chenilles. Rôle majeur dans l'attractivité des abeilles pour cette espèce","Le chèvrefeuille est aussi une plante médicinale. En infusion de fleurs séchées, il est très efficace pour lutter contre la toux et la cystite.",NA,"Chèvrefeuille plus arbustif que volubile et non grimpant aux feuilles caduques, vertes. Très florifère, il se couvre de mai à juillet de grandes fleurs au parfum de miel, rose carminé, jaune et blanc. Il supporte toute exposition, même peu ensoleillée.","Non","Feuillu","[""Aucun""]","Chênes vert et pubescent, prunellier,buis, laurier-tin, terebinthe","Non","[""Aucun""]","Non","Oui","Simple","Moyennement dense","Lancéolé ou ovale","Poilue","Moyenne","Caduc","Blanc jaunâtre, rougeâtre en dehors.","[""5"",""6"",""7""]","[""Les deux""]",NA,"Baies ovoïdes, d'un rouge vif.","Non","Oui","2","Espèce autochtone","Faible",NA,NA,"Oui","Étroit","Courte","Non","Oui","Indigène","Oui","[""Fruits""]","Oui",NA,"Oui","Buissonnant","Oui","Aucun","Cœur","Espèce citée dans un guide","Mésothermophile","Forte","Mésoxérophyte","Tolérant","Glycophyte tolérante","[""Sable"",""Limon"",""Humus"",""Gravier/roches""]","Non","Oui","Non","Non","Oui","Rapide","Non"
"138","Lonicera fragrantissima Lindl. & Paxton","Chevrefeuille d'hiver","Caprifoliaceae","Oui","Amur, Chine Nord-Centrale, Chine Sud-Centrale, Chine Sud-Est","Oui","Oui","Oui","Arbrisseau","Non","Oui","Oui","Oui","Sa forme buissonante est un abris pour les oiseaux. Il est l'hôte de plusieurs chenilles. Rôle majeur dans l'attractivité des abeilles pour cette espèce : ce chèvrefeuille arbustif est très florifère et ses fleurs blanc crème au parfum caractéristique de chèvrefeuille est très riche en nectar.","Le chèvrefeuille est aussi une plante médicinale. En infusion de fleurs séchées, il est très efficace pour lutter contre la toux et la cystite.",NA,"Floraison hivernale très odorante. L’espèce est très rustique, tolère le calcaire et supporte assez bien la sécheresse si elle est en situation ombragée.","Non","Feuillu","[""Aucun""]","Chênes vert et pubescent, prunellier,buis, laurier-tin, terebinthe","Non","[""Aucun""]","B-EVEE à l'étranger","Oui","Simple","Moyennement dense","Lancéolé ou ovale","Glabre","Moyenne","Semi-persistant","Blanc crème","[""12"",""1"",""2"",""3""]","[""Les deux""]",NA,"Baie rouge","Non","Oui","2","Exotique à surveiller","Faible",NA,"Diptères, Lépidoptères, Hyménoptères, Coléoptères, Hemiptères","Oui","Étroit","Courte","Non","Oui","Exogène","Oui","[""Fruits""]","Oui","Oui","Oui","Étalé","Oui","Aucun","Cœur","Espèce non citée","Mésothermophile","Très forte","Résistant","Tolérant","Glycophyte tolérante","[""Sable"",""Limon"",""Humus"",""Gravier/roches""]","Non","Non","Non","Non","Oui","Rapide","Non"
"139","Lonicera implexa","Chèvrefeuille des Baléares","Caprifoliaceae","Oui","Circumméditerranéenne","Oui","Oui","Oui","Liane","Non","Oui","Oui","Oui","Sa forme buissonante est un abri pour les oiseaux. Il est l'hôte de plusieurs chenilles. Rôle majeur dans l'attractivité des abeilles","Le chèvrefeuille est aussi une plante médicinale. En infusion de fleurs séchées, il est très efficace pour lutter contre la toux et la cystite.",NA,"Très florifère, il se couvre de mai à juillet de grandes fleurs au parfum de miel, rose carminé, jaune et blanc. Il supporte toute exposition, même peu ensoleillée. Rustique, il n'est pas exigeant sur la nature du sol. Il supporte bien le calcaire.","Non","Feuillu","[""Aucun""]","Pistachier lentisque, nerprun alaterne,romarin,lavande, chêne vert,pin d'Alep,deutzia,rosier","Non","[""Aucun""]","Non","Oui","Simple","Moyennement dense","Lancéolé ou ovale","Cireuse et poilue","Moyenne","Persistant","Jaunâtre, rougeâtre en dehors.","[""5"",""6""]","[""Les deux""]",NA,"Baies ovoïdes d'un rouge vif.","Non","Oui","2","Espèce autochtone","Faible",NA,NA,"Oui","Étroit","Courte","Non","Oui","Indigène","Oui","[""Fruits""]","Oui",NA,"Oui","Liane","Oui","Aucun","Cœur","Espèce citée dans un guide","Thermophile","Forte","Résistant","Tolérant","Glycophyte tolérante","[""Sable"",""Limon"",""Humus"",""Gravier/roches""]","Non","Oui","Non","Non","Oui","Rapide","Non"
"140","Maclura pomifera  C.K.Schneid.","Oranger des Osages","Moraceae","Oui","Etats-Unis: Oklahoma, Arkansas, Louisiana , Texas","Oui","Oui","Oui","Arbre","Oui","Non","Oui","Oui","Les graines peuvent être mangées par les écureuils, et peut être par les  oiseaux. Le fruit contient des composés insectifuges - et attire peu les animaux . C'est un habitat pour la petite faune","L’oranger des Osages, peu commun en France, se reconnaît à ses fruits verts qui ressemblent à des oranges mais ne sont pas comestibles.",NA,"L'oranger pomifera préfère un sol profond et fertile, mais il peut s'adapter à des terrains même pauvres. Sa croissance est rapide et peut atteindre un à deux mètres de long par an. Il supporte très bien la taille et peut être utilisé en haie. Il est remarquablement exempt d'attaques d'insectes et de maladies fongiques. Ses fruits ne sont pas comestibles","Oui","Feuillu","[""Epines""]","Micocoulier,robinier,chêne blanc,érable négundo,orme champêtre","Non","[""Fructification pouvant entraîner des dommages""]","Non","Oui","Simple","Dense","Lancéolé ou ovale","Cireuse","Moyenne","Caduc","Vert","[""5"",""6""]","[""Non""]",NA,"Polydrupe: petites drupes fusionnées en un ensemble globuleux, vert jaune de 8 à 12cm","Non","Oui","20","Espèce allochtone","Faible",NA,"?","Non","Large","Longue","Oui","Oui","Exogène","Oui","[""Fruits""]","Oui","Non","Non","Arrondi","Oui","Racines agressives","Mixte","Espèce non citée","Thermophile","Très forte","Mésoxérophyte","Adapté","Glycophyte tolérante","[""Sable"",""Limon"",""Argile""]","Non","Non","Oui","Non","Oui","Moyenne","Non"
"141","Magnolia grandiflora L.","Magnolia à grandes fleurs","Magnoliaceae","Oui","Alabama, Arkansas, Floride, Géorgie, Louisiane, Mississippi, Caroline du Nord, Caroline du Sud, Texas.","Oui","Oui","Oui","Arbre","Non","Oui","Oui","Oui","Nectarifère et pollénifère, il est visité entre autres par les abeilles et les papillons",NA,NA,"Port étalé en vieillissant, il a un feuillage compact persistant vert foncé au dessous pourpre : il convient aux espaces lumineux. Remarquable pour sa floraison abondante et parfumée, il crée un événement avec ses fruits ovoïdes. Il est le symbole des parcs et jardins du XIX ème siècle","Oui","Feuillu","[""Brûlures""]","Hêtre à grandes feuilles,liquidambar,chêne de Virginie","Oui","[""Aucun""]","Non","Oui","Simple","Dense","Lancéolé ou ovale","Cireuse et poilue","Grande","Persistant","Blanc","[""5"",""6"",""7""]","[""Les deux""]",NA,"Follicule avec une structure ressemblant à un cone, attrayant","Non","Oui","27","Espèce allochtone","Moyen",NA,"Coléoptères","Oui","Large","Longue","Non","Non","Exogène","Oui","[""Aucun""]","Oui","Oui","Oui","Pyramidal","Oui","Racines agressives","Traçant","Espèce non citée","Mésothermophile","Faible","Mésophyte","Adapté","Glycophyte intolérante","[""Sable"",""Limon"",""Argile""]","Oui","Oui","Oui","Non","Non","Moyenne","Non"
"142","Magnolia X soulangeana Soul.-Bod.","Magnolia de Chine-Hybride","Magnoliaceae","Oui","Chine Centre-Sud","Oui","Oui","Oui","Arbuste","Non","Oui","Oui","Oui","Nectarifère et pollénifère, il est visité entre autres par les abeilles, les papillons, les coléoptères et les mouches",NA,NA,"Le magnolia soulangeana est un arbuste ou petit arbre remarquable pour sa floraison printanière apparaissant avant l'arrivée des feuilles. Il est souvent utilisé en arbre isolé, mais craint la sécheresse.","Non","Feuillu","[""Aucun""]","Hêtre à grandes feuilles,liquidambar,chêne de Virginie","Oui","[""Aucun""]","Non","Oui","Simple","Moyennement dense","Lancéolé ou ovale","Cireuse","Grande","Caduc","Blanc, rose ou violet","[""3"",""4""]","[""Les deux""]",NA,"Agrégat asymétrique de follicules , de 7 à 10cm","Non","Oui","12","Espèce allochtone","Faible",NA,"Coléoptères","Oui","Large","Longue","Oui","Non","Exogène","Oui","[""Aucun""]","Oui","Oui","Oui","Arrondi","Oui","Aucun","Pivotant","Espèce non citée","Résistante","Moyenne","Résistant","Tolérant","Glycophyte tolérante","[""Sable"",""Limon""]","Oui","Oui","Non","Non","Non","Lente","Non"
"143","Malus domestica  Borkh.","Pommier cultivé","Rosaceae","Oui","Asie","Oui","Oui","Oui","Arbre","Non","Oui","Non","Oui","Nectarifère et pollénifère, il est très visité   les abeilles","Il existe plusieurs milliers de variétés de pommes, de l'acidulée à la sucrée. La pomme peut se décliner selon de nombreux critères différents de forme, de couleur, de grosseur, de fertilité, de période de floraison et de maturité.","Origines diverses selon variétés","Les pommiers sont en général facile de culture en zone tempérée à partir du moment où vous leur procurez du soleil, mais pas trop brûlant, une terre profonde, fraiche et un peu d'espace pour s'étaler. Ils sont très ornementaux pour leur floraison rouge, rose ou blanche, parfois pour leur feuillage, et pour leurs fruits","Non","Feuillu","[""Fruits salissants""]","Sureaux noir et rouge,viornes lantane et obier,arbre à perruque,lentisque,térébinthe,houx commun,lierre grimpant","Non","[""Aucun""]","B-EVEE à l'étranger","Oui","Simple","Ouvert","Lancéolé ou ovale","Poilue","Moyenne","Caduc","Blanc, rose","[""4"",""5""]","[""Apparence""]",NA,NA,"Non","Oui","15","Espèce autochtone","Faible",NA,NA,"Oui","Moyen","Moyenne","Non","Oui","Cryptogène","Oui","[""Graines""]","Oui","Oui","Oui","Arrondi","Oui","Aucun","Traçant","Espèce citée dans plusieurs guides","Résistante","Forte","Mésophyte","Tolérant","Glycophyte tolérante","[""Limon"",""Argile"",""Humus""]","Oui","Non","Non","Oui","Oui","Moyenne","Non"
"144","Malus sylvestris  Mill.","Pommier sauvage","Rosaceae","Oui","Europe","Oui","Oui","Oui","Arbre","Non","Oui","Non","Oui","Les sangliers et les oiseaux  font un festin des fruits. Ses fleurs secrétant aussi un abondant nectar sont pollinisées par les insectes.","La saveur des pommes souvent très âpre et acide ne permet pas de les consommer crues à moins d'attendre les premières gelées.Ses fruits permettent d'obtenir cependant d'excellentes gelées, des vins ou du verjus .",NA,"Petit arbre à la floraison blanche rosée au printemps suivie de pommes verdâtres aux reflets rouges. Cet arbre emblématique des espaces bocagers et lisières apporte une touche champêtre aux  espaces ou bosquets.","Non","Feuillu","[""Fruits salissants""]","Sureaux noir et rouge,viornes lantane et obier,arbre à perruque,lentisque,térébinthe,houx commun,lierre grimpant","Non","[""Aucun""]","Non","Oui","Simple","Ouvert","Ronde","Glabre","Moyenne","Caduc","Blanc, rosé dessous","[""5""]","[""Apparence""]",NA,NA,"Non","Oui","15","Espèce autochtone","Faible",NA,NA,"Oui","Moyen","Moyenne","Non","Oui","Indigène","Oui","[""Graines""]","Oui","Oui","Oui","Arrondi","Oui","Aucun","Traçant","Espèce citée dans plusieurs guides","Résistante","Forte","Mésophyte","Tolérant","Glycophyte tolérante","[""Limon"",""Argile"",""Humus""]","Oui","Non","Non","Oui","Oui","Moyenne","Non"
"145","Malus x floribunda Siebold ex Van Houtte","Pommier à fleurs, Pommier du Japon","Rosaceae","Oui","Corée","Oui","Oui","Oui","Arbuste","Non","Oui","Non","Oui",NA,NA,NA,"Très bon pour la faune , il a une belle floraison. Il résiste à la pollution, au vent, et assez bien à la chaleur et à la sécheresse.","Non","Feuillu","[""Dépôt de miellat""]","Sureaux noir et rouge,viornes lantane et obier,arbre à perruque,lentisque,térébinthe,houx commun,lierre grimpant","Non","[""Aucun""]","Non","Oui","Simple","Moyennement dense","Lancéolé ou ovale","Glabre","Moyenne","Caduc","Blanc, rose","[""4"",""5""]","[""Apparence""]",NA,"Les fruits sont comestibles mais peu agréables à manger","Non","Oui","6","Espèce allochtone","Moyen",NA,"Abeilles, bourdons","Oui","Moyen","Moyenne","Non","Oui","Exogène","Oui","[""Graines""]","Oui","Oui","Oui","Arrondi","Oui","Aucun","Traçant","Espèce citée dans un guide","Mésothermophile","Moyenne","Résistant","Tolérant","Glycophyte tolérante","[""Limon"",""Argile"",""Humus""]","Oui","Non","Non","Oui","Oui","Moyenne","Non"
"146","Malva arborea  Webb & Berthel.","Mauve en arbre","Malvaceae","Oui","Circumméditerranéenne","Non","Oui","Oui","Arbrisseau","Non","Oui","Oui","Oui","Ses fruits , les shizocarpes contiennent des graines consommées et dispersées par les oiseaux.","Les jeunes pousses sont consommées crues en salades, les autres feuilles sont consommées cuites commes légumes d'accompagnement. Les fleurs accompagnent les salades et servent à la confection de sirops, confitures et tisanes",NA,"Isolé, en groupe de plusieurs variétés et de coloris, en haies fleuries libre ou bien taillé, en association avec d'autres arbustes dans les massifs. Sa forme gracieuse s'associe très bien aux arbustes feuillus et aux conifères nains.","Oui","Feuillu","[""Aucune""]","Chrysanthème des jardins,mauve royale,pariétaire des murs,petite ortie","Oui","[""Aucune""]","B-EVEE à l'étranger","Oui","Simple","Ouvert","Palmilobé","Poilue sur deux faces","Grande","Caduc","Violacée","[""4"",""5"",""6""]","[""Apparence""]",NA,NA,"Non","Oui","3","Espèce autochtone","Faible",NA,NA,"Oui","Étroit","Moyenne","Non","Oui","Indigène","Oui","[""Aucune""]","Oui","Oui","Oui","Pyramidal","Oui","Aucun",NA,"Espèce citée dans plusieurs guides","Thermophile","Moyenne","Mésoxérophyte","Tolérant","Halophyte facultative","[""Sable"",""Limon"",""Humus""]","Oui","Oui","Oui","Non","Non","Rapide","Non"
"147","Melia azedarach L.","Margousier à feuilles de Frêne, arbre à chapelets, Lilas de Perse, Lilas des Indes ou encore Mélia faux Neem","Meliaceae","Oui","Chine : Anhui Sheng","Oui","Oui","Oui","Arbre","Non","Oui","Oui","Oui",NA,"Propriétés insecticides du feuillage. Racines et fruits toxiques. Huile tirée de la graine sert à la confection de savon, cire et lubrifiant",NA,"Tolère sols variés et pauvres, la sécheresse et le feu, bon arbre d'alignement classique . Ombrage apprécié","Oui","Feuillu","[""Aucun""]","Jujubier,murier blanc,olivier,poirier","Non","[""Fructification pouvant entraîner des dommages""]","A-EVEE à l'étranger","Oui","Composée","Moyennement dense","Lancéolé ou ovale","Glabre","Moyenne","Caduc","Blanc, violet, rose","[""5"",""6""]","[""Parfum""]",NA,"Petites drupes jaunâtre pendants, persistants en hiver.  toxique","Non","Oui","12","Exotique à surveiller","Moyen",NA,"Abeilles, papillons de nuit","Oui","Large","Courte","Oui","Non","Exogène","Oui","[""Fruits"",""Racines""]","Oui","Oui","Oui","Arrondi","Non","Drageonnantes","Mixte","Espèce non citée","Thermophile","Moyenne","Mésoxérophyte","Intolérant","Glycophyte tolérante","[""Sable"",""Limon"",""Humus""]","Non","Non","Oui","Non","Oui","Moyenne","Non"
"148","Morus alba L.","Mûrier blanc, Mûrier commun,","Moraceae","Oui","Chine - Est et centre","Oui","Oui","Oui","Arbre","Non","Oui","Oui","Oui","Abondamment visité par les abeilles, les syrphes et les petites mouches .Les feuilles du mûrier blanc sont toujours l'unique alimentation du ver à soie ou bombyx du mûrier.","Les mûres, de couleur rose à rouge presque noir, sont comestibles,mais insipides",NA,"Classique et adapté à la Provence, il a un bon ombrage. Il est très adaptable . Les fruits de couleur peuvent être salissants. On préfèrera la variété à fruits blancs.","Oui","Feuillu","[""Fruits salissants""]","Chêne variable,pistachier,micocoulier,viorne,gattilier","Oui","[""Branches cassantes""]","EVEE","Oui","Simple","Moyennement dense","Lancéolé ou ovale","Poilue","Moyenne","Caduc","Verdâtres","[""4"",""5""]","[""Non""]",NA,"Polydrupes, assez insipides ,  dispersé par mammifères et oiseaux, ressemblant à une mûre","Non","Oui","15","Invasive potentielle","Moyen",NA,"Vers à soie. Moins de sources mentionnant les insectes, mais noté parfois comme arbre à papillons, attire abeilles, insectes.","Oui","Large","Longue","Non","Non","Exogène","Oui","[""Aucun""]","Oui","Oui","Non","Arrondi","Oui","Racines agressives","Traçant","Espèce citée dans plusieurs guides","Mésothermophile","Forte","Résistant","Tolérant","Glycophyte tolérante","[""Sable"",""Limon"",""Argile"",""Humus""]","Oui","Non","Oui","Oui","Non","Moyenne","Non"
"149","Morus indica L.","Mûrier platane Stérile, Mûrier platane sans fruit","Moraceae","Non","Japon : Honshu - région himalayenne tempérée et subtropical","Non","Oui","Oui","Arbre","Non","Oui","Oui","Oui","Variété sans fruits",NA,NA,"Morus kagayamae 'Fruitless' Hort classique est non salissant et adapté à la Provence pour son ombrage ; il est bien adapté aux conditions urbaines  et aux étés chauds. La variété 'Fruitless' présente l'avantage d'être quasiment stérile, donc sans fruits qui tachent. Son port est légèrement moins horizontal que le type classique de murier, ce qui se corrige facilement par la taille annuelle.","Oui","Feuillu","[""Aucun""]","Chêne variable,pistachier,micocoulier,viorne,gattilier","Oui","[""Branches cassantes""]","Non","Oui","Simple","Dense","Lancéolé ou ovale","Poilue","Moyenne","Caduc","Verdâtres","[""4"",""5""]","[""Non""]",NA,NA,"Non","Oui","10","Exotique à surveiller","Moyen",NA,NA,"Non","Large","Longue","Non","Non","Exogène","Oui","[""Aucun""]","Oui","Oui","Non","Arrondi","Non","Racines agressives","Traçant","Espèce non citée","Mésothermophile","Forte","Résistant","Tolérant","Glycophyte tolérante","[""Sable"",""Limon"",""Argile"",""Humus""]","Oui","Oui","Oui","Oui","Non","Moyenne","Non"
"150","Morus kagayamae","Mûrier à feuille de Platane stérile","Moraceae","Non","Asie","Non","Oui","Oui","Arbre","Non","Oui","Oui","Oui","Variété sans fruits",NA,NA,"Bonne capacité d'ombrage . Il supporte les tailles sévères","Oui","Feuillu","[""Aucun""]","Fusain,myrtillier,pruniers","Oui","[""Branches cassantes""]","Non","Oui","Simple","Dense","Palmilobé","Cireuse","Grande","Caduc","Vert","[""4"",""5""]","[""Non""]",NA,"Petites drupes comestibles allongées","Non","Oui","7","Exotique à surveiller","Moyen",NA,NA,"Non","Large","Longue","Non","Non","Exogène","Oui","[""Aucun""]","Oui","Oui","Non","Étalé","Non","Racines agressives","Traçant","Espèce non citée","Mésothermophile","Forte","Résistant","Tolérant","Glycophyte tolérante","[""Sable"",""Limon""]","Oui","Oui","Oui","Oui","Non","Rapide","Non"
"151","Morus nigra L.","Mûrier noir","Moraceae","Oui","Iran","Non","Oui","Oui","Arbre","Non","Oui","Non","Oui","Visité par Coléoptères, Orthoptères, Lepidoptères  . Les fruits sont convoités par les oiseaux","Les fruits du mûrier noir servent à réaliser des confitures ou des gelées très appréciées,  il est généralement transformé en confiture ou en gelée, ainsi qu'en sirop utilisé comme émollient pour soigner les maux de gorge.L'écorce du mûrier noir est vermifuge et laxative. Son bois très dur, dense et avec des couleurs et des veinures remarquables, est très recherché en marqueterie et en ébénisterie.",NA,"Son port est étalé, tortueux et sa couronne compacte. Son feuillage dense vert luisant et au revers pubescent apporte une ombre très efficace. Ses drupes se remarquent par leur couleur rouge très foncée","Oui","Feuillu","[""Fruits salissants""]","Fusain,myrtillier,pruniers","Non","[""Branches cassantes""]","Non","Oui","Simple","Dense","Lancéolé ou ovale","Poilue","Grande","Caduc","Vert","[""5"",""6""]","[""Non""]",NA,"Drupes semblables à des mûres, oblongues, comestibles, noirs à violets","Non","Oui","10","Exotique à surveiller","Moyen",NA,"Coléoptères, Orthoptères, Lepidoptères","Oui","Large","Longue","Oui","Non","Exogène","Oui","[""Aucun""]","Oui","Oui","Non","Arrondi","Non","Racines agressives","Mixte","Espèce non citée","Mésothermophile","Forte","Résistant","Tolérant","Glycophyte tolérante","[""Sable"",""Limon"",""Gravier/roches""]","Non","Non","Oui","Oui","Non","Lente","Non"
"152","Myoporum laetum G.Forst.","Arbre de Ngaio","Scrophulariaceae","Oui","Nouvelle Zélande","Non","Oui","Oui","Arbuste","Oui","Oui","Oui","Oui","Petites baies toxiques consommées par les oiseaux","Les tiges aromatiques et les racines sont utilisées pour leurs propriétés anti-fébrifuges, anti-inflammatoires …",NA,"La densité et la persistance de son feuillage ornemental et ses facultés de recépage permettent utiliser le M. laetum en haie haute taillée. Il est possible de l’utiliser aussi en haie libre mixte ou monospécifique. Il réalisera d’excellentes haies brise-vent en bordure de mer ; il peut se substituer au Pittosporum tobira. Son port compact et arrondi permet de le planter en massif ou en isolé. Le M. laetum présente un développement intéressant en bac.","Non","Feuillu","[""Fruits salissants""]","Lavande, romarin, pistachier lentisque","Non","[""Aucun""]","B-EVEE à l'étranger","Oui","Simple","Dense","Lancéolé ou ovale","Cireuse","Moyenne","Persistant","Blanc, points violets","[""3"",""4"",""5""]","[""Parfum""]",NA,"Petites drupes juteuses de couleur lie de vin. Fructification généreuse à la Villa Thuret, en l’absence de taille.","Non","Oui","6","Espèce allochtone","Moyen",NA,"Mouches, abeilles, thrips, scarabés, papillons de nuit","Non","Moyen","Longue","Oui","Oui","Exogène","Oui","[""Fruits"",""Graines"",""Ecorce""]","Oui","Oui","Oui","Arrondi","Oui","Racines agressives","Traçant","Espèce non citée","Mésothermophile","Faible","Mésoxérophyte","Adapté","Glycophyte tolérante","[""Sable"",""Limon""]","Non","Non","Oui","Non","Oui","Rapide","Non"
"153","Myrtus communis L.","Myrte","Myrtaceae","Oui","Circumméditerranéenne","Non","Oui","Oui","Sous-arbrisseau","Non","Oui","Oui","Oui","Sous-arbrisseau mellifère qui attire les abeilles et les papillons","A partir de ses fruits, on élabore des confitures ou des liqueurs, comme en Corse.  Les feuilles de myrte prises en infusion ont des propriétés astringentes et digestives. On extrait des feuilles une huile essentielle riche en tanin qui, couplée à ses principes actifs aromatiques, a des propriétés  antibiotiques et antiseptiques.",NA,"Le myrte  est un arbrisseau aromatique vivace, toujours vert, au port dressé et à la floraison parfumée. Le myrte est un arbre sacré dans de nombreuses civilisations antiques. C'est l'hôte parfait d'un jardin sec en bord de mer","Non","Feuillu","[""Aucune""]","Chênes liège et vert,lavande,pistachier lentisque","Non","[""Aucun""]","Non","Oui","Simple","Dense","Lancéolé ou ovale","Cireuse sur deux faces","Petite","Persistant","Blanche","[""5"",""6"",""7"",""8"",""9""]","[""Parfum""]",NA,"Baies ovoïdes, noir bleuâtres. Liqueur obtenue par macération des baies.","Non","Oui","3","Espèce autochtone","Fort",NA,NA,"Oui","Étroit","Très longue","Oui","Oui","Indigène","Oui","[""Aucun""]","Oui","Oui","Oui","Buissonnant","Oui","Aucun",NA,"Espèce citée dans plusieurs guides","Thermophile","Moyenne","Mésoxérophyte","Adapté","Glycophyte tolérante","[""Sable"",""Limon"",""Humus"",""Gravier/roches""]","Non","Oui","Oui","Oui","Non","Rapide","Non"
"154","Myrtus communis subsp. tarentina  Nyman","Myrte tarentine","Myrtaceae","Oui",NA,"Non","Oui","Oui","Sous-arbrisseau","Non","Oui","Oui","Oui","Sous-arbrisseau mellifère qui attire les abeilles et les papillons","A partir de ses fruits, on élabore des confitures ou des liqueurs, comme en Corse.  Les feuilles de myrte prises en infusion ont des propriétés astringentes et digestives. On extrait des feuilles une huile essentielle riche en tanin qui, couplée à ses principes actifs aromatiques, a des propriétés  antibiotiques et antiseptiques.",NA,"Alternative au buis, haies, potées, rocailles .  C'est l'hôte parfait d'un jardin sec en bord de mer","Non","Feuillu","[""Aucune""]","Lentisque,génévrier,chêne kermès,pin maritime,clématite odorante, alaterne,salsepareille d'Europe","Non","[""Aucun""]","Non","Oui","Simple","Dense","Lancéolé ou ovale","Cireuse sur deux faces","Petite","Persistant","Blanche","[""6"",""7"",""8"",""9""]","[""Parfum""]",NA,"Myrtus communis : Baies ovoïdes, noir bleuâtres. Liqueur obtenue par macération des baies.","Non","Oui","2","Espèce autochtone","Fort",NA,NA,"Oui","Étroit","Très longue","Oui","Oui","Indigène","Oui","[""Aucun""]","Oui","Oui","Oui","Buissonnant","Oui","Aucun",NA,"Espèce citée dans plusieurs guides","Thermophile","Moyenne","Mésoxérophyte","Adapté","Glycophyte tolérante","[""Sable"",""Limon"",""Humus"",""Gravier/roches""]","Oui","Oui","Non","Oui","Non","Rapide","Non"
"155","Nandina domestica Thunb","Bambou sacré","Berberidaceae","Oui","Chine Nord-Centrale, Chine Sud-Centrale, Chine Sud-Est, Japon","Non","Non","Oui","Arbrisseau","Non","Oui","Non","Non",NA,"Les tiges aromatiques et les racines sont utilisées pour leurs propriétés anti-fébrifuges, anti-inflammatoires. Les baies sont toxiques pour les hommes, les chines, les chats, le bétail, et certain oiseaux",NA,"Feuilles et baies ornementales. Tolérance au soleil et à l'ombre. Bonne longévité. Très résistant aux pathogènes.","Non","Feuillu","[""Aucun""]","Grenadier,photinia","Non","[""Aucun""]","B-EVEE à l'étranger","Oui","Composée","Moyennement dense","Lancéolé ou ovale","Glabre","Moyenne","Persistant","Blanches","[""5"",""6"",""7""]","[""Apparence""]",NA,"Fruit rond et rouge d'1cm de diamètre, ornemental, murit en octobre et persiste en hiver","Non","Non","3","Espèce allochtone","Fort",NA,"Anthophora spp., Apis mellifera, Lepidoptera","Non","Moyen","Longue","Non","Oui","Exogène","Oui","[""Fruits"",""Graines"",""Feuilles"",""Sève"",""Fleurs"",""Ecorce"",""Racines""]","Oui","Non","Oui","Buissonnant","Oui","Drageonnantes","Traçant","Espèce non citée","Résistante","Forte","Mésoxérophyte","Intolérant","Glycophyte intolérante","[""Sable"",""Limon"",""Argile"",""Humus""]","Non","Non","Oui","Non","Oui","Moyenne","Non"
"156","Nerium oleander L.","Laurier rose","Apocynaceae","Oui","Méditerranéenne, étage thermoméditerranéen, rare : Var, Alpes-Maritimes, Corse","Oui","Oui","Oui","Arbuste","Non","Oui","Non","Non","Plante nectarifère","Plante toxique : les substances toxiques contenues dans le laurier rose sont des alcaloïdes, cardio-toxiques, dont le principal, l’oléandrine, qui est proche de la digitaline, est utilisée dans la composition de la mort-aux-rats.",NA,"Superbe arbuste au feuillage persistant, très florifère du printemps à l'automne. Pousse aussi bien en bac qu'en pleine terre, mais très toxique. Le laurier rose a impérativement besoin d'une situation ensoleillée et chaude pour prospérer. Il appréciera également un sol bien drainé et riche","Non","Feuillu","[""Aucune""]","Gattilier,rosier à feuilles d'orme,tamaris d'Afrique et commun","Non","[""Aucune""]","A-EVEE à l'étranger","Oui","Simple","Dense","Lancéolé ou ovale","Cireuse","Grande","Persistant","Blanc ou rosé","[""6"",""7"",""8"",""9""]","[""Apparence""]",NA,"Follicules soudés en une gousse cylindracée, longue, striée; graines poilues à aigrettes","Non","Non","4","Espèce autochtone","Fort",NA,NA,"Non","Étroit","Moyenne","Oui","Oui","Indigène","Oui","[""Fruits"",""Graines"",""Feuilles"",""Sève""]","Oui","Non","Oui","Buissonnant","Oui","Aucun",NA,"Espèce non citée","Thermophile","Moyenne","Résistant","Tolérant","Glycophyte tolérante","[""Sable"",""Limon"",""Argile"",""Humus"",""Gravier/roches""]","Non","Oui","Non","Non","Oui","Moyenne","Non"
"157","Oenothera lindheimeri","Gaura","Onagraceae","Oui","Texas, Louisianne","Non","Oui","Non","Herbacée","Non","Oui","Oui","Oui","Nectarifère, il est butiné par les abeilles et les papillons.",NA,NA,"Le gaura est une plante qui a besoin d’eau pour bien se développer. Attire beaucoup les pollinisateurs car  particulièrement mellifère. Il tolère bien les embruns et  est donc adaptée au bord de mer.","Non","Feuillu","[""Aucun""]","Nombril de Vénus,armeria,lysimiaque,armoise,rosier,pivoine","Oui","[""Aucun""]","Alerte","Oui","Simple","Ouvert","Lancéolé ou ovale","Glabre","Petite","Persistant","Blanc","[""6"",""7"",""8"",""9"",""10""]","[""Apparence""]",NA,"Capsules ovoides sessiles","Non","Oui","1","Invasive potentielle","Faible",NA,"Abeilles, guepes","Non","Étroit","Courte","Oui","Oui","Exogène","Oui","[""Aucun""]","Oui","Oui","Oui","Buissonnant","Oui","Aucun","Pivotant","Espèce citée dans plusieurs guides","Mésothermophile","Forte","Résistant","Tolérant","Glycophyte tolérante","[""Sable"",""Limon"",""Gravier/roches""]","Oui","Non","Non","Non","Non","Rapide","Non"
"158","Olea europaea","Olivier commun","Oleaceae","Oui","Circumméditerranéenne","Oui","Oui","Oui","Arbre","Non","Oui","Oui","Oui","Sa floraison qui ne dure qu’une semaine est cependant très nectarifère attirant à elle de nombreux insectes pollinisateurs telles que les abeilles.","Qu’il soit arbre fruitier, cultivé depuis la nuit des temps pour ses fruits verts ou noirs et pour son huile, ou olivier ornemental, cet arbre légendaire chargé de signification, évoque instantanément la Provence et les terres écrasées par la chaleur !  Recette pour une Infusion: verser 1 litre d’eau bouillante dans un récipient contenant 50 g de feuilles séchées et coupées. Laisser infuser 20 minutes.",NA,"L’olivier est un arbre indissociable du paysage méditerranéen.  Reconnaissable par tous, sa forme et ses fruits évoquent le soleil et la chaleur. Petit arbre persistant, d’une longévité exceptionnelle, sa silhouette au tronc  est noueuse et crevassée avec les années .","Non","Feuillu","[""Fruits salissants""]","Pistachier lentisque, myrte commune, Ceratonia siliqua, Smilax aspera, Clematis flammula, Chamaerops humilis,caroubier,euphorbes charachias et arborescente","Non","[""Fructification pouvant entraîner des dommages""]","B-EVEE à l'étranger","Oui","Simple","Dense","Lancéolé ou ovale","Cireuse","Moyenne","Persistant","Blanchâtre","[""4"",""5"",""6""]","[""Parfum""]",NA,"Drupes peu charnues, vertes devenant noires, à noyau osseux.","Non","Oui","10","Espèce autochtone","Fort",NA,"Abeilles et Filippia follicularis, Lichtensia viburni, Saissetia oleae,","Oui","Large","Très longue","Oui","Non","Indigène","Oui","[""Aucun""]","Oui","Oui","Oui","Étalé","Non","Aucun","Mixte","Espèce citée dans plusieurs guides","Thermophile","Moyenne","Mésoxérophyte","Tolérant","Glycophyte tolérante","[""Sable"",""Limon""]","Non","Non","Oui","Oui","Non","Lente","Non"
"159","Osmanthus fragrans Lour.","Osmanthe parfumée","Oleaceae","Oui","Assam, Cambodge, Chine Nord-Centrale, Chine Sud-Centrale, Chine Sud-Est, Himalaya oriental, Hainan, Japon, Myanmar, Népal, Taïwan, Thaïlande, Vietnam, Himalaya occidental","Oui","Oui","Oui","Arbuste","Non","Oui","Oui","Oui","En massif ou dans des haies, leur feuillage épais constitue un abri pour de nombreux animaux. En outre, leurs fleurs sont mellifères et leurs petites baies nourriront les oiseaux.","L'osmanthe est une des dix fleurs traditionnelles chinoises, cultivée pour son parfum depuis plus de deux mille ans.",NA,"Décoratif toute l'année grâce à son feuillage persistant très brillant qui ressemble à celui du houx, l'osmanthe nous offre au printemps le plaisir d'une floraison extraordinairement parfumée. L'osmanthe est une des dix fleurs traditionnelles chinoises, cultivée pour son parfum depuis plus de deux mille ans.  Nombreuses variétés et cultivars","Oui","Feuillu","[""Aucun""]","Feijoa,houblon,forsythia,lilas","Oui","[""Aucun""]","Non","Oui","Simple","Dense","Lancéolé ou ovale","Cireuse","Moyenne","Persistant","Blanc crème","[""8"",""9"",""10""]","[""Parfum""]",NA,"Fructification discrète  en petites drupes  ovales comestibles bleu-noir.","Non","Oui","9","Espèce allochtone","Fort",NA,"Araignées","Oui","Moyen","Longue","Non","Oui","Exogène","Oui","[""Aucun""]","Oui","Oui","Oui","Arrondi","Oui","Aucun","Mixte","Espèce non citée","Mésothermophile","Moyenne","Résistant","Tolérant","Glycophyte intolérante","[""Sable"",""Limon"",""Argile"",""Humus""]","Oui","Non","Oui","Non","Non","Lente","Non"
"160","Ostrya carpinifolia","Charme Houblon","Betulaceae","Non","Boréo-tempérée","Oui","Oui","Oui","Arbre","Non","Oui","Oui","Oui","Ses graines sont comestibles pour les petits mammifères","Ses fruits contiennent de très fines aiguilles qui se plantent dans la peau, ce qui est douloureux, et sont très difficiles à extirper.",NA,"Arbre à l’architecture régulière, arrondie aux rameaux légèrement retombants le rendant intéressant en arbre d’alignement. Sa floraison abondante en chatons vert jaunâtres est particulièrement spectaculaire au printemps, elle est suivie de petits fruits à la forme délicate assimilable à celle des cônes de houblon. Sa couleur automnale est d’un jaune lumineux. Par son feuillage dense et son houppier de belle ampleur en vieillissant, il offre une ombre généreuse en alignement sur l’espace public ou sur une place.","Oui","Feuillu","[""Poils urticants""]","Chênes vert et pubescent,arbre à perruque,cornouiller mâle,fusain d'Europe,baguenaudier,troëne, sorbier, érable de Montpellier","Non","[""Aucun""]","Non","Oui","Simple","Dense","Lancéolé ou ovale","Poilue","Moyenne","Caduc","Blanchâtre","[""3"",""4"",""5""]","[""Apparence""]",NA,"Floraison : avril à mai ; fructification : août à septembre.","Non","Oui","15","Espèce autochtone","Moyen",NA,"Peu de sources pour biodiv - observation jardin? fleurs attirent insectes? anémogame, donc ne devrait pas. Araignées, hyménoptères, phytoséiides.","Non","Large","Longue","Oui","Non","Indigène","Oui","[""Aucun""]","Oui","Oui","Non","Arrondi","Non","Drageonnantes","Mixte","Espèce non citée","Mésothermophile","Très forte","Résistant","Tolérant","Glycophyte intolérante","[""Sable"",""Limon"",""Argile""]","Non","Oui","Oui","Non","Non","Moyenne","Non"
"161","Paliurus spina-christi Mill.","Paliure épine-du-Christ","Rhamnaceae","Oui","Sud-eurasiatique","Oui","Oui","Oui","Arbrisseau","Non","Oui","Non","Oui","Plantes alimentaires pour les larves de certaines espèces de lépidoptères, comme le Bucculatrix avec les espèces B. albella","Plante médicinale, elle est reconnue pour ses propriétés diurétiques. Ce sont essentiellement les fruits séchés qui sont utilisés en phytothérapie.",NA,"Il est utilisé comme plante ornementale et pour constituer des haies impénétrables","Non","Feuillu","[""Epines""]","Pistachier lentisque,nerprun alaterne,romarin,lavande, chêne vert","Non","[""Aucun""]","Non","Oui","Simple","Moyennement dense","Lancéolé ou ovale","Glabre","Petite","Caduc","Jaune","[""6"",""7"",""8"",""9""]","[""Non""]",NA,"Fruit sec, indéhiscent, hémisphérique, entouré d'une aile plissée et rayonnée, ondulée sur les bords, rouge brun","Non","Oui","3","Espèce autochtone","Très fort",NA,"Oui","Oui","Étroit","Moyenne","Non","Non","Indigène","Oui","[""Ecorce""]","Oui","Non","Non","Buissonnant","Non","Drageonnantes",NA,"Espèce citée dans un guide","Mésothermophile","Forte","Xérophyte","Tolérant","Glycophyte tolérante","[""Sable"",""Limon"",""Argile"",""Gravier/roches""]","Non","Non","Oui","Non","Oui","Moyenne","Non"
"162","Parthenocissus quinquefolia  Planch.","Vigne vierge à cinq folioles","Vitaceae","Oui","Moitié Est des Etats,Unis, Bahamas, Bermudes, El Salvador, Guatemala, Mexique, Québec, Saskatchewan","Non","Oui","Oui","Liane","Non","Oui","Oui","Oui","Tapissant les murs, la Vigne vierge constitue des habitats intéressants pour la faune",NA,NA,"Elle pousse dans son aire de répartition dans la plupart des sols humides. En forêt, elle grimpe dans les arbres. Espèce bien adaptée au contexte urbain, où elle est couramment utilisée. Intéressante en termes d’habitats pour la faune. Fort intérêt paysager en automne.","Oui","Feuillu","[""Brûlures""]","Magnolia,pachira,salsepareille","Non","[""Aucun""]","A-EVEE à l'étranger","Oui","Composée","Moyennement dense","Lancéolé ou ovale","Glabre","Moyenne","Caduc","Blanc","[""7"",""8""]","[""Non""]",NA,"Baie violet sombre, avec quatre graines","Non","Oui","15","Invasive potentielle","Fort",NA,"Hote larves papillons de nuit  abeilles, cicadellidae, miridae","Oui","Large","Longue","Non","Non","Exogène","Oui","[""Fruits""]","Oui",NA,"Oui","Liane","Non","Aucun",NA,"Espèce citée dans un guide","Mésothermophile","Très forte","Résistant","Tolérant","Glycophyte tolérante","[""Sable"",""Limon"",""Argile""]","Non","Non","Non","Non","Oui","Rapide","Non"
"163","Parthenocissus tricuspidata  Planch.","Vigne vierge à trois pointes","Vitaceae","Oui","Chine Nord-Centrale, Chine Sud-Est, Japon, Corée, Mandchourie, Primorye, Taiwan, Vietnam","Non","Oui","Oui","Liane","Non","Oui","Oui","Oui","Fournit nourriture et habitat pour la petite faune",NA,NA,"La vigueur des sarments permet de couvrir rapidement les surfaces et leur feuillage dense offre l’avantage de rafraîchir l’air ambiant des terrasses, patios ou balcons. Leur feuillage caduc et alterne se teinte au soleil, de coloris très vifs depuis la fin de l’été jusqu’à la chute des feuilles.","Oui","Feuillu","[""Aucun""]","Magnolia,pachira,salsepareille","Non","[""Aucun""]","EVEE","Oui","Simple","Moyennement dense","Palmilobé","Glabre","Moyenne","Caduc","Vert jaune","[""7"",""8""]","[""Non""]",NA,"Toxique pour les mammifères","Non","Oui","20","Invasive avérée","Fort",NA,"Cicadellidae, coccidae","Oui","Large","Longue","Non","Non","Exogène","Oui","[""Fruits""]","Non","Oui","Oui","Liane","Non","Aucun","Pivotant","Espèce citée dans un guide","Mésothermophile","Très forte","Résistant","Tolérant","Glycophyte intolérante","[""Sable"",""Limon"",""Argile"",""Humus""]","Non","Non","Non","Non","Oui","Rapide","Non"
"164","Paulownia tomentosa Steud.","Paulownia impérial, paulownia tomenteux","Paulowniaceae","Oui","Chine : Anhui Sheng, Henan Sheng, Hebei Sheng, Hunan Sheng, Hubei Sheng, Gansu Sheng, Jiangxi Sheng, Jiangsu Sheng, Liaoning Sheng","Non","Oui","Oui","Arbre","Oui","Oui","Oui","Non","Nectarifère et pollénifère, il est abondamment visité par les abeilles qui confectionnent  un miel proche de celui des acacias.",NA,NA,"Avec une architecture irrégulière remarquable caractérisée par de grosses branches étalées, sa floraison est spectaculaire : panicule terminale bleu violacée en mai. Ses fruits ressemblent à des capsules perdurent sur l’arbre. Il peut être planté isolé ou en groupe .","Oui","Feuillu","[""Aucun""]","Frêne de Chine,murier,sapin chinois","Non","[""Branches cassantes""]","Alerte","Oui","Simple","Moyennement dense","Ronde","Poilue sur deux faces","Grande","Caduc","Violet clair, bleu","[""4"",""5""]","[""Les deux""]",NA,"Capsules ovoïdes, ligneuses, de 4 cm. de long s'ouvrant par deux fentes. Graines petites, ailées.","Non","Oui","20","Invasive potentielle","Fort",NA,"Pollinisé par bourdons, apis mellifera , pas d'abeilles à langues courtes car feuilles en tunnels","Oui","Large","Longue","Non","Non","Exogène","Oui","[""Aucun""]","Oui","Non","Oui","Étalé","Non","Racines agressives","Traçant","Espèce non citée","Mésothermophile","Très forte","Résistant","Intolérant","Glycophyte intolérante","[""Sable"",""Limon"",""Argile"",""Gravier/roches""]","Non","Non","Oui","Non","Non","Rapide","Non"
"165","Philadelphus coronarius L.","Seringat des jardins, Jasmin des poètes","Hydrangeaceae","Oui","Caucase du Nord, Transcaucasie, Turquie","Non","Oui","Oui","Arbrisseau","Non","Oui","Non","Non","La floraison du seringat est nectarifère, elle attire les abeilles et les papillons avec son parfum   très prononcé d' arômes de fleur d'oranger",NA,NA,"Floraison spectaculaire  et odorante. Adapté aux environnements polluésTrès rustique , il supporte la pollution . Il peut être planté isolé ou en groupe en massif associé à d’autres végétaux","Non","Feuillu","[""Dépôt de miellat""]","Forsytia,buddleia,millepertuis","Non","[""Aucun""]","Alerte","Oui","Simple","Dense","Lancéolé ou ovale","Glabre","Moyenne","Caduc","Blanc","[""5"",""6""]","[""Les deux""]",NA,"Inignifiant","Non","Non","4","Invasive potentielle","Fort",NA,"Attire les abeilles","Oui","Moyen","Moyenne","Non",NA,"Exogène","Oui","[""Aucun""]","Oui",NA,"Oui","Arrondi","Non","Aucun","Traçant","Espèce citée dans un guide","Mésothermophile","Très forte","Résistant","Intolérant","Glycophyte tolérante","[""Sable"",""Limon"",""Argile""]","Non","Non","Non","Non","Non","Moyenne","Non"
"166","Phillyrea angustifolia","Filaire à feuilles étroites","Oleaceae","Oui","Ouest-méditerranéenne","Oui","Oui","Oui","Arbrisseau","Non","Oui","Oui","Oui","Les oiseaux friands des fruits dispersent leurs graines .","Les feuilles du filaire à feuilles étroites étaient mâchées pour calmer les fièvres et les lésions de la bouche tandis que la décoction de feuilles soignait les maux de gorge",NA,"Le filaire à feuilles étroites est un excellent arbuste à utiliser en isolé ou en haie. Il montre une extrême résistance au vent, et à la sécheresse. Résiste aux embruns","Non","Feuillu","[""Aucun""]","Chêne vert,viorne tin,pistachier lentisque,thym,lavande,ciste blanc,chevrefeuille","Oui","[""Aucun""]","Non","Oui","Simple","Dense","Lancéolé ou ovale","Cireuse","Moyenne","Persistant","Jaunâtre","[""3"",""4"",""5"",""6""]","[""Parfum""]",NA,"Hermaphrodite ; floraison : mars à mai ; fructifiction : septembre à octobre ;pollinisée par les insectes ; dispersée par les animaux.","Non","Oui","2","Espèce autochtone","Moyen",NA,"Abeilles","Oui","Étroit","Très longue","Oui","Oui","Indigène","Oui","[""Aucun""]","Oui","Oui","Oui","Buissonnant","Oui","Aucun","Pivotant","Espèce citée dans plusieurs guides","Mésothermophile","Forte","Xérophyte","Adapté","Glycophyte tolérante","[""Sable"",""Limon"",""Argile"",""Gravier/roches""]","Oui","Oui","Non","Non","Non","Lente","Non"
"167","Phillyrea latifolia","Filaire à larges feuilles","Oleaceae","Oui","Circumméditerranéenne","Oui","Oui","Oui","Arbuste","Non","Oui","Oui","Oui","Les oiseaux friands des fruits dispersent leurs graines .","Le feuillage et les baies  peuvent être utilisées pour leur propriété astringente, antiseptique et anti-inflammatoire et sous forme de cataplasme sur les plaies",NA,"Le filaire à larges feuilles est résistant à la sécheresse et supporte très bien la taille. Il présente un feuillage coriace opposé rappelant l'olivier, de petites fleurs jaunâtres et des baies noires. Il est indifférent au sol et demande  peu d'entretien .Il est surnommé « l'arbre à vœux » en raison de son tronc noueux qui forme des cavités dans lesquelles sont glissés des messages.","Non","Feuillu","[""Aucun""]","Chêne vert,viorne tin,pistachier lentisque,thym,lavande,ciste blanc,chevrefeuille","Oui","[""Aucun""]","Non","Oui","Simple","Dense","Lancéolé ou ovale","Cireuse","Moyenne","Persistant","Jaunâtre","[""4"",""5"",""6""]","[""Parfum""]",NA,"Hermaphrodite ; floraison : avril à mai ; fructification : août à septembre ; pollinisée par les insectes ; dipersée par les animaux.","Non","Oui","6","Espèce autochtone","Moyen",NA,"Abeilles","Oui","Moyen","Très longue","Oui","Oui","Indigène","Oui","[""Aucun""]","Oui","Oui","Oui","Arrondi","Oui","Aucun","Pivotant","Espèce citée dans plusieurs guides","Mésothermophile","Forte","Mésoxérophyte","Adapté","Glycophyte tolérante","[""Sable"",""Limon"",""Argile"",""Gravier/roches""]","Oui","Oui","Non","Non","Non","Lente","Non"
"168","Phormium tenax J.R.Forst. & G.Forst.","Lin de Nouvelle-Zélande","Asphodelaceae","Oui","Île des Antipodes, île de Chatham, nord de la Nouvelle-Zélande, sud de la Nouvelle-Zélande, île Norfolk.","Non","Oui","Oui","Herbacée","Non","Oui","Oui","Oui","Visité par les  abeilles, scarabés, guêpes, son nectar attire oiseaux et insectes",NA,NA,"Plante très tolérante au sel, et à la sécheresse. Floraison attractive pour la faune. Longues feuilles colorées formant des touffes denses.","Non","Feuillu","[""Brûlures""]","Choux non pommé,melinis,Echium fastuosum, pininana","Oui","[""Aucun""]","B-EVEE à l'étranger","Oui","Simple","Dense","Lancéolé ou ovale","Glabre","Grande","Persistant","Rouge","[""6"",""7""]","[""Apparence""]",NA,"Capsules oblongues contenant deux rangs de graines","Non","Oui","3","Espèce allochtone","Faible",NA,"Abeilles, scarabés, guepes","Oui","Étroit","Moyenne","Oui","Non","Exogène","Oui","[""Aucun""]","Oui","Oui","Oui","Arrondi","Non","Aucun","Traçant","Espèce citée dans plusieurs guides","Mésothermophile","Forte","Mésoxérophyte","Adapté","Glycophyte tolérante","[""Sable"",""Limon"",""Humus""]","Oui","Non","Non","Non","Non","Moyenne","Non"
"169","Photinia serratifolia  Kalkman","Photinia japonais, Photinia chinois","Rosaceae","Oui","Chine :  Henan Sheng, Hebei Sheng, Hunan Sheng, Hubei Sheng, Gansu Sheng, Jiangxi Sheng, Jiangsu Sheng, Guangdong Sheng, Guizhou Sheng, Shaanxi Sheng, Sichuan Sheng, Yunnan Sheng, Guangxi Zhuangzu Zizhiqu","Non","Oui","Oui","Arbuste","Non","Oui","Oui","Oui","Il est nectarifère et ainsi visité par les abeilles et les papillons",NA,NA,"Arbuste au port large,  et aux feuilles aux couleurs remarquables. Son feuillage est dense aux bonnes capacités de régulation thermique.  Il est rustique,  et supporte la sécheresse, le calcaire et la taille. Il est favorable à la biodiversité urbaine.","Oui","Feuillu","[""Aucun""]","Baguenaudier,abélia,oranger,glycine","Non","[""Aucun""]","Non","Oui","Simple","Dense","Lancéolé ou ovale","Glabre","Moyenne","Persistant","Bourgeons roses, fleurs blanches","[""3"",""4"",""5""]","[""Apparence""]",NA,"Petite baie ronde, non abondante, qui persiste tout l'hiver","Non","Oui","10","Espèce allochtone","Fort",NA,"Diptera , hyménoptères, abeilles, araignées","Oui","Moyen","Moyenne","Non","Oui","Exogène","Oui","[""Fruits"",""Feuilles""]","Oui","Oui","Oui","Étalé","Oui","Aucun","Traçant","Espèce non citée","Résistante","Moyenne","Résistant","Tolérant","Glycophyte intolérante","[""Sable"",""Limon"",""Humus""]","Non","Non","Oui","Non","Oui","Moyenne","Non"
"170","Pinus bungeana Zucc. ex Endl.","Pin Napoleon","Pinaceae","Oui","Chine : Henan Sheng","Non","Oui","Non","Arbre","Non","Oui","Non","Oui","Il accueille hémiptères",NA,NA,"Cet arbre assez rare dévoile d'autant mieux la splendeur de son écorce lorsqu'il est planté isolé ou conduit en arbuste à multiples troncs. Croissance très lente, mais plus il vieillit, plus il devient magnifique avec son écorce à motifs.","Oui","Conifère","[""Dépôt de miellat""]","Arbre à perruque,robinier ","Non","[""Branches cassantes""]","Non","Oui","Simple","Ouvert","Aiguille","Glabre","Petite","Persistant","Jaune - insignifiante","[""4"",""5""]","[""Non""]",NA,"Petit cône brun, par paire ou solitaire, de 5 à 7 cm de long sur 4,5 cm de large, à écailles larges, terminées par un mucron épineux et recourbé. Les graines sont ailées et rondes.","Non","Oui","15","Espèce allochtone","Fort",NA,"Hémiptères","Oui","Moyen","Record","Non","Non","Exogène","Oui","[""Aucun""]","Oui","Oui","Non","Arrondi","Non","Aucun","Traçant","Espèce non citée","Mésothermophile","Très forte","Mésoxérophyte","Intolérant","Glycophyte intolérante","[""Sable"",""Limon"",""Gravier/roches""]","Non","Non","Oui","Non","Non","Lente","Non"
"171","Pinus halepensis Mill.","Pin d'Alep","Pinaceae","Oui","Circumméditerranéenne ; Algérie, Libye, Maroc, Tunisie, Afrique du Sud, IsraËl, Jordanie, Liban, Syrie, Turquie, Ukraine","Non","Oui","Non","Arbre","Oui","Oui","Non","Oui","On peut y retrouver 60 à 80 % d’oiseaux frugivores qui sont attirés par les graines","Les pignons de pin d'Alep sont utilisés crus ou grillés en cuisine et possèdent des propriétés hydratantes, cicatrisantes et antiseptiques.La résine intervient dans la conservation du vin en Grèce, et aussi en parfumerie.",NA,"Espèce assez thermophile, typique de la garrigue méditerranéenne; besoin en lumière important. Conifère à grand développement utilisé en isolé, groupe ou alignement","Oui","Conifère","[""Aucun""]","Chênes vert et pubescent,romarin,cistes blanc et de Montpellier,genêt poilu,bruyère à fleurs nombreuses","Non","[""Branches cassantes""]","A-EVEE à l'étranger","Non","Simple","Moyennement dense","Aiguille","Limbe réduit","Moyenne","Persistant","Roux","[""3"",""4"",""5""]","[""Non""]",NA,"Dispersion par feu ou animaux , Automne 2eme année","Non","Oui","22","Espèce autochtone","Fort",NA,"Rhodanthidium septemdentatum, Anthidiellum strigatum, Marchalina hellenica","Oui","Moyen","Très longue","Oui","Oui","Indigène","Oui","[""Aucun""]","Oui","Oui","Oui","Arrondi","Non","Racines agressives","Mixte","Espèce citée dans plusieurs guides","Mésothermophile","Moyenne","Xérophyte","Tolérant","Halophyte facultative","[""Sable"",""Limon"",""Argile""]","Non","Oui","Oui","Oui","Non","Moyenne","Non"
"172","Pinus pinaster Aiton","Pin maritime","Pinaceae","Oui","Centre et Ouest-méditerranéenne.","Non","Oui","Non","Arbre","Oui","Oui","Non","Oui","Plante nourricière pour plusieurs oiseaux, hiboux et petits mammifères. Il est apprécié de la faune pour sa fructification abondante et des abeilles en tant que plante mellifère","On fabrique de la térébenthine à partir de sa résine . Des aiguilles et des cones verts sont extrait une huile essentielle réputée antiseptique, bactéricide et fongicide",NA,"Très ornemental, il constitue un beau sujet à installer en isolé ou en fond de massif, dans un grand jardin.","Oui","Conifère","[""Aucun""]","Chênes vert et pubescent,sorbier domestique,charme, chevrefeuille étrusque,térébinthe, alaterne,pin d'Alep,genevrier oxycèdre, clématite vitalba, salsepareille,genevriers oxycèdre et commun,bruyère arborescente,arbousier","Non","[""Aucun""]","A-EVEE à l'étranger","Non","Simple","Moyennement dense","Aiguille","Limbe réduit","Grande","Persistant","Roux","[""4"",""5""]","[""Non""]",NA,"Maturité : Automne troisième année. Cones persistent pendant plusieurs années. Et autochorie","Non","Oui","30","Espèce autochtone","Fort",NA,"P. yerushalmi","Oui","Large","Très longue","Non","Oui","Indigène","Oui","[""Aucun""]","Oui","Non","Oui","Pyramidal","Non","Racines agressives","Pivotant","Espèce citée dans plusieurs guides","Mésothermophile","Moyenne","Résistant","Tolérant","Glycophyte tolérante","[""Sable"",""Limon""]","Non","Oui","Oui","Oui","Non","Rapide","Non"
"173","Pinus pinea L.","Pin parasol, pin pignon","Pinaceae","Oui","Circumméditerranéenne","Non","Oui","Non","Arbre","Oui","Oui","Non","Oui","Il fait  partie des 10 essences les + attractives pour les insectes","Les pignons comestibles sont utilisés en pâtisserie, en garniture de salades, dans des plats comme le tajine ou même dans le thé à la menthe.Le bois, à la fois souple et léger, est apprécié en menuiserie et pour la construction maritime.On fabrique aussi de la térébenthine à partir de la résine des pommes de pin.",NA,"Conifère au port d’abord sphérique puis en forme caractéristique de parasol déployé. Il est employé en isolé, en groupe ou en alignement. Son écorce brune se creuse avec l’âge avec de profondes cannelures qui divisent l'écorce en larges plaques, l’odeur de résine qui se dégage à proximité de cet arbre est caractéristique. Il offre une ombre tamisée et sèche. Il est emblématique des plantations en zone méditerranéenne.","Oui","Conifère","[""Aucun""]","Genévrier de Phénicie,myrte, lentisque,cistaie,chênes vert et liège,lavande,","Non","[""Aucun""]","B-EVEE à l'étranger","Non","Simple","Dense","Aiguille","Limbe réduit","Grande","Persistant","Jaunâtre","[""4"",""5""]","[""Non""]",NA,"Mûrs après 3 ans. cones persistent pendant plusieurs années, graines comestibles. Et dyszoochorie, peut être anémochorie","Non","Oui","25","Espèce autochtone","Fort",NA,NA,"Oui","Large","Très longue","Oui","Oui","Indigène","Oui","[""Aucun""]","Oui","Non","Oui","Étalé","Non","Racines agressives","Pivotant","Espèce citée dans plusieurs guides","Mésothermophile","Moyenne","Résistant","Tolérant","Glycophyte tolérante","[""Sable"",""Limon"",""Argile""]","Non","Oui","Oui","Oui","Non","Moyenne","Non"
"174","Pistacia atlantica Desf.","Pistachier de l'Atlas","Anacardiaceae","Oui","Espagne, Algérie  Grèce","Oui","Oui","Oui","Arbre","Oui","Oui","Oui","Oui",NA,"Les graines plus ou moins vertes contiennent 55% d'huile aux propriétés antifongiques et antibactériennes",NA,"Port majestueux. Très résistant à la sécheresse","Oui","Feuillu","[""Aucun""]","Oranger des osages,murier,jujubier","Non","[""Aucun""]","Non","Oui","Composée","Dense","Lancéolé ou ovale","Cireuse","Petite","Caduc","Rouge","[""5"",""6""]","[""Non""]",NA,"Drupe de 5 à 7mm. Le fruit bleu contient une graine et est fertile, le fruit rouge est infertile","Non","Oui","15","Espèce allochtone","Moyen",NA,"Coccophagus scutellaris","Oui","Large","Record","Oui","Oui","Exogène","Oui","[""Aucun""]","Oui","Oui","Non","Arrondi","Non","Aucun","Mixte","Espèce non citée","Thermophile","Moyenne","Xérophyte","Tolérant","Glycophyte tolérante","[""Sable"",""Limon"",""Gravier/roches""]","Non","Oui","Oui","Non","Non","Lente","Non"
"175","Pistacia lentiscus L.","Pistachier lentisque, Arbre au mastic","Anacardiaceae","Oui","Circumméditerranéenne","Oui","Oui","Oui","Arbrisseau","Oui","Oui","Oui","Oui","Les fleurs sont non atrayantes, mais contiennent du pollen, donc visite de peu d'insectes","Ses fruits sont des petites drupes qui contiennent une graine comestible.Sève fortement aromatisée dont on confectionne un mastic utilisé en cosmétique, patisserie, eaux de vie et liqueurs",NA,"Excellente haie en bord de mer, mais aussi simplement un ajout de feuillage persistant aux massifs","Non","Feuillu","[""Aucun""]","Chêne vert,thym,lavande,romarin,ciste blanc,genévrier oxycèdre","Non","[""Aucun""]","Non","Oui","Composée","Dense","Lancéolé ou ovale","Cireuse","Petite","Persistant","Vert puis rouge","[""3"",""4"",""5"",""6""]","[""Non""]",NA,"Oiseaux mangent les fruits","Non","Oui","3","Espèce autochtone","Moyen",NA,"Abeilles","Oui","Étroit","Longue","Oui","Oui","Indigène","Oui","[""Aucun""]","Oui","Oui","Non","Buissonnant","Oui","Aucun","Pivotant","Espèce citée dans plusieurs guides","Thermophile","Moyenne","Mésoxérophyte","Adapté","Halophyte facultative","[""Sable"",""Limon""]","Non","Oui","Oui","Oui","Non","Moyenne","Non"
"176","Pistacia terebinthus L.","Pistachier térébinthe","Anacardiaceae","Oui","Circumméditerranéenne","Oui","Oui","Oui","Arbuste","Oui","Oui","Oui","Oui","Les fleurs sont non atrayantes, mais contiennent du pollen, donc visite de peu d'insectes","L'écorce est brûlée comme encens ainsi que ses feuilles. Les graines du pistachier térébinthe sont comestibles mais aigrelettes.",NA,"C'est un ajout de feuillage persistant aux massifs. Il est cultivé comme arbuste ou plante d'ornement .Le térébinthe produit une oléorésine par les fissures de son écorce. Cette résine se solidifie à l'air et donne la térébenthine de Chio.","Non","Feuillu","[""Aucun""]","Chêne vert,thym,lavande,romarin,ciste blanc,genévrier oxycèdre","Non","[""Aucun""]","Non","Oui","Composée","Moyennement dense","Lancéolé ou ovale","Cireuse","Moyenne","Caduc","Vert puis rouge","[""4"",""5""]","[""Non""]",NA,"Drupes ovoïdes petites, d'abord rouges puis brunes à maturité. Fructification : septembre à octobre. Fruits comestibles . Porte souvent à l'automne des galles en forme de gousses","Non","Oui","5","Espèce autochtone","Moyen",NA,NA,"Oui","Étroit","Longue","Non","Oui","Indigène","Oui","[""Aucun""]","Oui","Oui","Non","Arrondi","Non","Aucun","Pivotant","Espèce citée dans plusieurs guides","Thermophile","Moyenne","Mésoxérophyte","Adapté","Glycophyte tolérante","[""Sable"",""Limon""]","Non","Oui","Oui","Oui","Non","Lente","Non"
"177","Pistacia vera L.","Vrai pistachier","Anacardiaceae","Oui","Afghanistan , Kazakhstan, Kyrgyzstan, Tajikistan, Turkmenistan, Uzbekistan","Oui","Oui","Oui","Arbuste","Oui","Oui","Oui","Oui","Les fleurs sont non atrayantes, mais contiennent du pollen, donc visite de peu d'insectes","Fraîche, la pistache est une amande comestible délicatement parfumée, d'un vert pâle, huileuse, couverte d'une pellicule roussâtre.",NA,"Le pistachier est cultivé pour ses amandes comestibles. Joli feuillage caduc brillant en été et coloré en automne","Non","Feuillu","[""Aucun""]","Ziziphus jujuba, Juniperus spp., Berberis spp., P. mutica","Oui","[""Aucun""]","Non","Oui","Composée","Moyennement dense","Lancéolé ou ovale","Cireuse et poilue","Moyenne","Caduc","Brun, verdatre, rouge","[""4"",""5"",""6""]","[""Non""]",NA,"Petite drupe, fine couche charnue recouvrant une graine sèche comestible, pourpre à chair verte","Non","Oui","8","Espèce allochtone","Moyen",NA,"Aphis pistaciae, Eurhiphia adulatrix, E.  blandiatrix","Oui","Moyen","Record","Oui","Oui","Exogène","Oui","[""Aucun""]","Oui","Oui","Non","Arrondi","Non","Aucun","Pivotant","Espèce citée dans plusieurs guides","Thermophile","Moyenne","Mésoxérophyte","Tolérant","Glycophyte intolérante","[""Sable"",""Limon""]","Oui","Oui","Oui","Oui","Non","Lente","Non"
"178","Pittosporum tenuifolium Gaertn.","Pittospore de Nouvelle-Zélande","Pittosporaceae","Oui","Nouvelle Zélande","Oui","Non","Oui","Arbrisseau","Non","Oui","Oui","Oui","Nectarifère, il est visité par les abeilles et certaines espèces de papillons",NA,NA,"Très utile à la faune urbaine. Plante ornementale, au port élégant, et fleurs sombres originales","Non","Feuillu","[""Aucun""]","Cistes,laurier-cerise,callicarpa,fabiana","Non","[""Chute d'arbre""]","Non","Oui","Simple","Dense","Lancéolé ou ovale","Cireuse","Moyenne","Persistant","Violet foncé","[""4"",""5"",""6""]","[""Parfum""]",NA,"Caspule à trois valves contenant des graines noires collantes","Non","Oui","4","Espèce allochtone","Faible",NA,"Abeilles et autres insectes","Oui","Moyen","Longue",NA,"Oui","Exogène","Oui","[""Fruits"",""Graines"",""Feuilles"",""Sève"",""Fleurs"",""Ecorce"",""Racines""]","Oui","Oui","Oui","Pyramidal","Oui","Aucun","Traçant","Espèce citée dans un guide","Thermophile","Moyenne","Résistant","Tolérant","Glycophyte intolérante","[""Sable"",""Limon"",""Humus""]","Oui","Non","Oui","Non","Oui","Rapide","Non"
"179","Platanus orientalis L.","Platane d'Orient,","Platanaceae","Non","Chypre, Liban, Syrie, Turquie, Albanie, Bulgarie, Grèce, Croatie, Italie, Macédoine du Nord","Oui","Oui","Oui","Arbre","Oui","Oui","Oui","Oui","Les oiseaux mangent parfois les graines","Autrefois, on utilisait ses feuilles et ses écorces en médecine traditionnelle pour leurs propriétés astringentes.",NA,"Bel arbre d'alignement à installer le long des routes, résistant bien à la pollution, à la chaleur et au durcissement de la chaussée. Sa croissance sympodiale des axes, lui permettent de mieux résister aux traumatismes, comme les tailles répétées.","Oui","Feuillu","[""Poils urticants""]","Peuplier,neem,caryer,toona sinensis","Oui","[""Aucun""]","Non","Oui","Simple","Moyennement dense","Palmilobé","Cireuse","Grande","Caduc","Verdâtres","[""4"",""5""]","[""Non""]",NA,"Capsules rondes par groupes de 3 ou 4","Oui","Oui","30","Espèce allochtone","Fort",NA,NA,"Oui","Large","Record","Non","Non","Exogène","Oui","[""Fruits""]","Oui","Non","Non","Arrondi","Oui","Racines agressives","Cœur","Espèce citée dans un guide","Mésothermophile","Moyenne","Résistant","Adapté","Glycophyte intolérante","[""Sable"",""Limon"",""Argile""]","Non","Oui","Oui","Oui","Non","Moyenne","Oui"
"180","Platanus vallis clausa ‘platanor’","Platane résistant au chancre","Platanaceae","Non","Hybride P. orientalis et P. occidentalis","Oui","Oui","Oui","Arbre","Oui","Oui","Non","Oui","Les oiseaux mangent parfois les graines","Ses fruits sont irritants",NA,"Bel arbre d'alignement à installer le long des routes, résistant bien à la pollution, à la chaleur et au durcissement de la chaussée. Sa croissance sympodiale des axes, lui permettent de mieux réssiter aux traumatismes, comme les tailles répétées. Résiste au chancre.","Oui","Feuillu","[""Poils urticants""]","Peuplier,neem,caryer,toona sinensis","Non","[""Aucun""]","Non","Oui","Simple","Moyennement dense","Palmilobé","Cireuse","Grande","Caduc","Verdâtre","[""4"",""5""]","[""Non""]",NA,"Petite capsule brune","Oui","Oui","40","Espèce allochtone","Fort",NA,NA,"Oui","Large","Record","Oui","Non","Exogène","Oui","[""Fruits""]","Oui","Non","Non","Arrondi","Oui","Racines agressives","Mixte","Espèce citée dans un guide","Mésothermophile","Moyenne","Mésophyte","Tolérant","Glycophyte intolérante","[""Sable"",""Limon"",""Argile""]","Non","Oui","Oui","Oui","Non","Rapide","Oui"
"181","Populus alba","Peuplier blanc","Salicaceae","Oui","Eurasiatique à tendance subméditerranéenne.","Non","Oui","Oui","Arbre","Oui","Oui","Non","Non","Alimentation des larves de coléoptères, des papillons et des pucerons, soit environ 500 espèces qui profitent de cette niche écologique sans dommages pour l’arbre","En phytothérapie, l'usage du peuplier est très ancien. Son écorce comme celle du saule a été utilisée pour combattre la fièvre. De même, l'emploi de ses feuilles, bourgeons ou jeunes rameaux, pour leurs propriétés diurétiques et antirhumatismaux. En usage externe, on l'utilisait dans des pommades cicatrisantes. Sous forme de poudre de charbon de bois, il est toujours employé pour lutter contre l'aérophagie.",NA,"Arbre au port majestueux ovoïde large et irrégulière, et au tronc court. En mars ses chatons blancs argents sur le bois nu  répandent en été un coton blanc  et son écorce blanc-gris apporte une ambiance fraîche et pleine de variations lumineuses. Sa coloration automnale est d’un jaune lumineux.","Oui","Feuillu","[""Dépôt de miellat""]","Sureau noir,viorne obier, ail des ours,lierre grimpant,aulnes glutineux et blanc et blanchatre,chevrefeuille des bois, fusain d'Europe,troene, groseiller,frêne à feuilles aiguës","Non","[""Branches cassantes""]","Non","Oui","Simple","Moyennement dense","Palmilobé","Poilue","Moyenne","Caduc","Gris-argenté.","[""3"",""4""]","[""Non""]",NA,"Capsules à graines cotoneuses","Oui","Oui","30","Espèce autochtone","Faible",NA,NA,"Oui","Large","Très longue","Oui","Oui","Indigène","Oui","[""Aucun""]","Non","Non","Non","Étalé","Oui","Drageonnantes","Mixte","Espèce citée dans un guide","Thermophile","Forte","Résistant","Adapté","Glycophyte tolérante","[""Argile"",""Humus""]","Non","Non","Oui","Oui","Non","Rapide","Oui"
"182","Populus nigra L.","Peuplier noir","Salicaceae","Oui","Eurasiatique,  méditerranéenne","Non","Oui","Oui","Arbre","Oui","Oui","Non","Non","Alimentation des larves de coléoptères, des papillons et des pucerons, soit environ 500 espèces qui profitent de cette niche écologique sans dommages pour l’arbre","Ecorce et bourgeons en décoction ou tisane contre acide uriqueBourgeons utilisés pour apéritif tonique mélé avec du vin blanc",NA,"Arbre à la large couronne au tronc droit et branches étalées régulières. Cette espèce est évocatrice des zones fraîches. Son feuillage devient vert jaunâtre en automne. Ses graines laineuses blanches de mai/juin sont caractéristiques. Il présente un intérêt en brise-vent dans les espaces non minéralisés. Cultivé pour la production rapide de bois, pour sa forme fastigiée et sa croissance rapide.","Oui","Feuillu","[""Dépôt de miellat""]","Sureau noir,viorne obier, ail des ours,lierre grimpant,aulnes glutineux et blanc et blanchatre,chevrefeuille des bois, fusain d'Europe,troene, groseiller,frêne à feuilles aiguës","Non","[""Branches cassantes""]","Non","Oui","Simple","Moyennement dense","Lancéolé ou ovale","Cireuse","Moyenne","Caduc","Rouge violacé","[""3"",""4""]","[""Non""]",NA,"Capsules ovoïdes en chapelets, à graines cotoneuses","Oui","Oui","30","Espèce autochtone","Faible",NA,NA,"Oui","Large","Longue","Non","Oui","Indigène","Oui","[""Aucun""]","Non","Non","Non","Pyramidal","Oui","Drageonnantes","Mixte","Espèce citée dans un guide","Mésothermophile","Forte","Hygrocline","Adapté","Glycophyte intolérante","[""Argile"",""Humus""]","Non","Non","Oui","Oui","Non","Rapide","Oui"
"183","Populus nigra L. var. italica Münchh.","Peuplier d'Italie","Salicaceae","Oui","Italie","Non","Oui","Oui","Arbre","Oui","Oui","Non","Non","Alimentation des larves de coléoptères, des papillons et des pucerons, soit environ 500 espèces qui profitent de cette niche écologique sans dommages pour l’arbre","Ecorce et bourgeons en décoction ou tisane contre acide uriqueBourgeons utilisés pour apéritif tonique mélé avec du vin blanc",NA,NA,"Oui","Feuillu","[""Dépôt de miellat""]","Sureau noir,viorne obier, ail des ours,lierre grimpant,aulnes glutineux et blanc et blanchatre,chevrefeuille des bois, fusain d'Europe,troene, groseiller,frêne à feuilles aiguës","Non","[""Branches cassantes""]","B-EVEE à l'étranger","Oui","Simple","Moyennement dense","Lancéolé ou ovale","Cireuse","Moyenne","Caduc","Rouge violacé","[""3"",""4""]","[""Non""]",NA,"Populus nigra : Capsules ovoïdes en chapelets, à graines cotoneuses","Oui","Oui","30","Espèce autochtone","Faible",NA,NA,"Oui","Étroit","Longue","Non","Oui","Cryptogène","Oui","[""Aucun""]","Non","Non","Non","Colonnaire","Oui","Drageonnantes","Mixte","Espèce citée dans un guide","Mésothermophile","Forte","Hygrocline","Adapté","Glycophyte intolérante","[""Argile"",""Humus""]","Non","Non","Oui","Oui","Non","Rapide","Oui"
"184","Populus tremula L.","Peuplier trembre, Tremble","Salicaceae","Oui","Eurasiatique","Non","Oui","Oui","Arbre","Oui","Oui","Non","Non","Alimentation des larves de coléoptères, des papillons et des pucerons, soit environ 500 espèces qui profitent de cette niche écologique sans dommages pour l’arbre","En phytothérapie, l'usage du peuplier est très ancien. Son écorce comme celle du saule a été utilisée pour combattre la fièvre. De même, l'emploi de ses feuilles, bourgeons ou jeunes rameaux, pour leurs propriétés diurétiques et antirhumatismaux. En usage externe, on l'utilisait dans des pommades cicatrisantes. Sous forme de poudre de charbon de bois, il est toujours employé pour lutter contre l'aérophagie.",NA,"Arbre moyen au port colonnaire étroit et élancé. Ses jeunes feuilles bronze puis d’un vert mat et glauque sur le revers apporte de la lumière aux espaces en été, sa coloration automnale est jaune à orangé. Le bruissement des feuilles dès l’apparition du vent en raison de leur long pétiole est caractéristique de l’espace. Il ne produit aucun fruit. Cet arbre présente un intérêt pour les zones étroites, les protections visuelles, contre le vent et comme signal vertical dans le paysage.","Non","Feuillu","[""Dépôt de miellat""]","Sureau noir,viorne obier, ail des ours,lierre grimpant,aulnes glutineux et blanc et blanchatre,chevrefeuille des bois, fusain d'Europe,troene, groseiller,frêne à feuilles aiguës","Non","[""Branches cassantes""]","Non","Oui","Simple","Ouvert","Ronde","Glabre","Moyenne","Caduc","Verdâtre puis vert foncé","[""3"",""4""]","[""Non""]",NA,"Capsules ovoïdes glabres, à graines cotoneuses","Oui","Oui","20","Espèce autochtone","Faible",NA,NA,"Oui","Large","Longue","Non","Oui","Indigène","Oui","[""Aucun""]","Non","Non","Non","Pyramidal","Oui","Drageonnantes","Mixte","Espèce citée dans un guide","Mésothermophile","Forte","Mésophyte","Adapté","Glycophyte intolérante","[""Argile"",""Humus""]","Non","Non","Oui","Non","Non","Rapide","Oui"
"185","Prunus armeniaca","Abricotier","Rosaceae","Oui","Distribution géographique  : Asie centrale, Chine","Oui","Oui","Oui","Arbre","Non","Oui","Non","Oui","L'abricotier est une excellente plante mellifère, riche en nectar  et en pollen.  Dans certaines régions, il n'est pas rare qu'à maturité des fruits, des régiments de fourmis remontent depuis le sol le long du tronc et des branches pour en faire la récolte","Trois ou quatre années après sa plantation, il peut donner des fruits.   Il se déguste tel quel mais aussi en confiture ou en conserve au sirop .","Origines diverses selon variétés","L'abricotier est un arbre de climat continental supportant des températures hivernales de –20 °C. Il craint les fluctuations thermiques précoces .","Non","Feuillu","[""Fruits salissants""]","Nectarinier,pêcher,prunier,viorne,égopode,muscari,bois de panama","Non","[""Aucun""]","Non","Oui","Simple","Ouvert","Ronde","Glabre","Moyenne","Caduc","Blanc","[""2"",""3"",""4""]","[""Apparence""]",NA,"Usages possibles : fruitiers ; comestibles","Non","Oui","5","Espèce allochtone","Faible",NA,"Abeilles, papillons, insectes prédateurs, mouches syrphides, coléoptères","Oui","Moyen","Longue","Non","Oui","Cryptogène","Oui","[""Aucun""]","Oui","Oui","Oui","Arrondi","Oui","Aucun","Mixte","Espèce non citée","Résistante","Moyenne","Résistant","Tolérant","Glycophyte tolérante","[""Sable"",""Limon"",""Humus""]","Non","Non","Oui","Oui","Non","Moyenne","Non"
"186","Prunus domestica L.","Prunier cultivé","Rosaceae","Oui","Turquie","Oui","Oui","Oui","Arbre","Non","Oui","Non","Oui","Le prunier est une excellente plante mellifère, riche en nectar  et en pollen.","Les prunes sont consommées soit comme fruit de table, en particulier les variétés du type reine-claude, soit transformées : pâtisseries, confitures comme mirabelles, quetsches, soit séchées  pour les pruneaux d'Agen. On en tire aussi des liqueurs pour mirabelle et quetsche et de l'eau-de-vie .","Origines diverses selon variétés","Petit arbre au port en parasol. Sa floraison parfumée blanche rosée au printemps est suivie de petits fruits violets foncés à l’automne. Sa couleur automnale jaune apporte de la lumière aux haies.  Ses milieux de destination peuvent être les lisières humides,  fraîches, la prairie humide, la prairie et les haies","Non","Feuillu","[""Fruits salissants""]","Nectarinier,pêcher,prunier,viorne,égopode,muscari","Non","[""Aucun""]","B-EVEE à l'étranger","Oui","Simple","Ouvert","Lancéolé ou ovale","Glabre","Moyenne","Caduc","Blanc","[""4"",""5""]","[""Apparence""]",NA,"Drupes globuleuses; Gros fruits pendants","Non","Oui","8","Espèce allochtone","Faible",NA,"Abeilles, papillons, insectes prédateurs, mouches syrphides, coléoptères","Oui","Moyen","Longue","Non","Oui","Cryptogène","Oui","[""Aucun""]","Oui","Oui","Oui","Arrondi","Oui","Aucun","Mixte","Espèce non citée","Résistante","Moyenne","Résistant","Tolérant","Glycophyte tolérante","[""Sable"",""Limon"",""Humus""]","Non","Non","Oui","Oui","Non","Moyenne","Non"
"187","Prunus dulcis","Amandier","Rosaceae","Oui","Distribution géographique  : Est du bassin méditerranéen.","Oui","Oui","Oui","Arbre","Non","Oui","Non","Oui","L'amandier est une excellente plante mellifère, riche en nectar  et en pollen. Sa floraison abondante et précoce est une aubaine pour la reprise du couvain au printemps.","L’amande est riche en huile, en protéines, en glucides et en vitamines. Elle a également des propriétés cosmétiques, adoucissantes et hydratantes .Les bourgeons de l’amandier sont utilisés en gemmothérapie. Les vétérinaires l’utilisent pour ses propriétés laxative pour le bétail.","Origines diverses selon variétés","Petit arbre au port irrégulier ; remarquable pour ses grandes fleurs roses s’ouvrant en fin d'hiver et ses fruits : les amandes.","Non","Feuillu","[""Aucun""]","Nectarinier,pêcher,prunier,viorne,égopode,bois de panama","Oui","[""Aucun""]","Non","Oui","Simple","Ouvert","Lancéolé ou ovale","Cireuse","Moyenne","Caduc","Blanc, rose","[""2"",""3"",""4""]","[""Apparence""]",NA,"Usages possibles : fruitiers ; comestibles","Non","Oui","10","Espèce autochtone","Faible",NA,"Abeilles, papillons, insectes prédateurs, mouches syrphides, coléoptères","Oui","Large","Longue","Non","Oui","Cryptogène","Oui","[""Aucun""]","Oui","Oui","Oui","Arrondi","Oui","Aucun","Mixte","Espèce citée dans plusieurs guides","Résistante","Forte","Résistant","Tolérant","Glycophyte tolérante","[""Sable"",""Limon"",""Gravier/roches""]","Oui","Non","Non","Oui","Non","Moyenne","Non"
"188","Prunus ilicifolia  D.Dietr.","Cerisier à feuille de houx","Rosaceae","Oui","Etats-Unis : California , Mexique: Baja","Oui","Oui","Oui","Arbuste","Non","Oui","Oui","Oui","Fleurs mellifères en petites grappes blanches.Beaucoup d'espèces d'oiseaux et petits mamifères l'utilisent comme protection ou site de nidification.","Les arbres forment des drupes de couleur rouge qui plaisent aux oiseaux",NA,"Haie libre ou taillée. Par sa ressemblance au chêne vert, le P. ilicifolia s’harmonisera parfaitement avec le paysage méditerranéen. La densité de son feuillage et son grand développement permettent de le conseiller comme arbuste-écran.","Non","Feuillu","[""Epines""]","Chevrefeuille,photinia,peuplier","Non","[""Aucun""]","Non","Oui","Simple","Dense","Lancéolé ou ovale","Cireuse","Moyenne","Persistant","Blanc","[""4"",""5""]","[""Non""]",NA,"Drupes rouge foncé, puis noir violacé de 1 cm de diamètre. Fruits juteux très acides. Fructification rare à la Villa Thuret. Graines lisses à faible conservation du pouvoir germinatif.","Non","Oui","6","Espèce allochtone","Faible",NA,"Abeilles, papillons, insectes prédateurs, mouches syrphides, coléoptères","Oui","Moyen","Longue","Non","Oui","Exogène","Oui","[""Graines""]","Oui","Oui","Oui","Arrondi","Oui","Aucun","Traçant","Espèce non citée","Mésothermophile","Forte","Résistant","Tolérant","Glycophyte intolérante","[""Sable"",""Limon"",""Argile"",""Gravier/roches""]","Non","Non","Oui","Non","Oui","Lente","Non"
"189","Prunus mahaleb","Cerisier de Sainte-Lucie","Rosaceae","Oui","Subméditerranéenne","Oui","Oui","Oui","Arbuste","Oui","Oui","Non","Oui","Ses fruits d'abord rouges, puis noirs en automne, sont appréciés des oiseaux.","Ses petites cerises amères entrent dans la préparation du kirsch et au Proche Orient, les amendes amères réduites en poudre, sont souvent présentes dans les pains, brioches et desserts. Les feuilles sont utilisées comme succedané du tabac et données comme fourrage au bétail.",NA,"Arbre au port évasé, large avec une écorce à sillons profonds verticaux, parfois spiralés. Sa floraison  blanche parfumée en mai est suivie de fruits ronds rouges à noirs. Il convient particulièrement pour les haies comme brise-vent et privilégie les endroits secs. Il a été très longtemps recherché pour son bois et comme épice aromatique.","Oui","Feuillu","[""Fruits salissants""]","Chêne pubescent,pistachier lentisque,charme,sureau rouge,viorne lantane,berbéris commun, buis,génévriers thurifère et de Phénicie,cornouillers mâle et sanguin","Oui","[""Aucun""]","Non","Oui","Simple","Ouvert","Ronde","Cireuse","Petite","Caduc","Blanche","[""3"",""4"",""5""]","[""Apparence""]",NA,"Petites drupes globuleuses rouges, puis noires, brillantes.","Non","Oui","5","Espèce autochtone","Faible",NA,"Abeilles, papillons, insectes prédateurs, mouches syrphides, coléoptères","Oui","Moyen","Moyenne","Non","Oui","Indigène","Oui","[""Graines""]","Oui","Oui","Oui","Arrondi","Oui","Aucun","Mixte","Espèce citée dans plusieurs guides","Thermophile","Moyenne","Xérophyte","Tolérant","Glycophyte intolérante","[""Sable"",""Limon"",""Argile"",""Gravier/roches""]","Oui","Non","Oui","Oui","Oui","Lente","Non"
"190","Prunus persica","Pêcher commun","Rosaceae","Oui","Distribution géographique  : Nord de la Chine.","Oui","Oui","Oui","Arbuste","Non","Oui","Non","Oui","Ses fruits  sont appréciés des oiseaux.","Ce fruit possède une peau veloutée et sa couleur varie du jaune au rouge, en passant par le rose. Sa chair est elle aussi colorée : jaune, blanche ou rouge selon les variétés. La pêche se prête à de nombreuses recettes de cuisine.","Origines diverses selon variétés","Petit arbre à la floraison rose au printemps suivi de fruits veloutés orangés très apprécié pour sa qualité gustative. C’est une espèce emblématique des vergers et des petits jardins vivriers.","Non","Feuillu","[""Fruits salissants""]","Nectarinier,abricotier,prunier,viorne,égopode,bois de panama","Oui","[""Aucun""]","Non","Oui","Simple","Ouvert","Lancéolé ou ovale","Glabre","Grande","Caduc","Rose","[""3"",""4"",""5""]","[""Apparence""]",NA,"Usages possibles : fruitiers ; comestibles.","Non","Oui","8","Espèce autochtone","Faible",NA,NA,"Oui","Moyen","Longue","Non","Oui","Cryptogène","Oui","[""Aucun""]","Oui","Oui","Oui","Arrondi","Oui","Aucun","Mixte","Espèce citée dans plusieurs guides","Mésothermophile","Moyenne","Résistant","Tolérant","Glycophyte intolérante","[""Sable"",""Limon"",""Humus"",""Gravier/roches""]","Oui","Non","Non","Oui","Non","Moyenne","Non"
"191","Prunus spinosa","Prunellier, Epine noire","Rosaceae","Oui","Eurasiatique","Oui","Oui","Oui","Arbuste","Non","Oui","Oui","Oui","Les haies de prunelliers offrent un refuge sûr pour de nombreux animaux, dont les oiseaux et certains petits mammifères, qui se nourrissent en outre de ses baies.La floraison précoce du prunellier  apporte aux insectes une source de nourriture importante à un moment de l’année où elle est encore rare. Ses fleurs sont butinées par des insectes parfois rares, et en tout cas utiles.Son feuillage nourrit de nombreux insectes, notamment les chenilles de plus de 60 espèces de papillons, dont le flambé et le gazé, deux espèces en forte régression.","Ses fruits entrent dans la composition de confitures, compotes, eaux de vie ... Ses feuilles remplacent le thé dans certaines cultures. Il est connu aussi pour donner un bois imputrescible dont on faisait des cannes ou des manches d’outils après l’avoir fait noircir au feu.",NA,"Arbuste ramifié très dense et épineux, très structurant, il est approprié pour créer des limites. Sa floraison blanche remarquable au printemps avant le bourgeonnement et suivie de baies noires comestibles en hiver. Il convient particulièrement pour la fixation des talus et comme brise vent dans les haies à caractère champêtre.","Oui","Feuillu","[""Epines"",""Fruits salissants""]","Chêne pubescent,pistachier lentisque,charme,sureau rouge,viorne lantane,berbéris commun, buis,génévriers thurifère et de Phénicie,cornouillers mâle et sanguin","Non","[""Branches cassantes""]","Non","Oui","Simple","Moyennement dense","Lancéolé ou ovale","Poilue","Petite","Caduc","Blanche","[""3"",""4"",""5""]","[""Apparence""]",NA,"Drupes globuleuses : prunelles , bleu-noir, pruineuses.","Non","Oui","2","Espèce autochtone","Faible",NA,NA,"Oui","Moyen","Moyenne","Non","Oui","Indigène","Oui","[""Aucun""]","Oui","Oui","Oui","Buissonnant","Oui","Drageonnantes","Mixte","Espèce citée dans plusieurs guides","Résistante","Très forte","Mésoxérophyte","Tolérant","Glycophyte intolérante","[""Sable"",""Limon"",""Argile"",""Humus"",""Gravier/roches""]","Non","Non","Oui","Oui","Non","Moyenne","Non"
"192","Punica granatum","Grenadier","Lythraceae","Oui","Ouest-asiatique, devenue méditerranéenne.","Non","Oui","Oui","Arbuste","Non","Oui","Non","Oui","Il est plus pollinifère que nectarifère","La grenade fait   partie des trois fruits bénis du bouddhisme avec la pêche et le citron","Origines diverses selon variétés","Le grenadier est un arbuste très prisé dans tout le bassin méditerranéen. Il séduit autant par son allure, la couleur de son feuillage et de ses fleurs en trompette orange vif que par sa production de fruits. Il est souvent cultivée en haies.","Non","Feuillu","[""Epines""]","Bois de Panama,gattilier,deutzia","Oui","[""Branches cassantes""]","B-EVEE à l'étranger","Oui","Simple","Moyennement dense","Lancéolé ou ovale","Cireuse","Moyenne","Caduc","Rouge écarlate","[""6"",""7"",""8"",""9""]","[""Apparence""]",NA,"Fruits  gros, charnus, globuleux, rétrécis au sol, d'un jaune rougeâtre ; graines nombreuses anguleuses, à pulpe rougeâtre à saveur acidulée. Les individus non cultivés font des fruits plus petits.","Non","Oui","3","Espèce autochtone","Faible",NA,"Apis mellifera principalement, un peu Syrphidae, Bombus","Oui","Moyen","Longue","Non","Oui","Indigène","Oui","[""Ecorce"",""Racines""]","Oui","Oui","Oui","Arrondi","Oui","Aucun","Traçant","Espèce citée dans plusieurs guides","Thermophile","Forte","Résistant","Adapté","Glycophyte tolérante","[""Argile""]","Oui","Non","Oui","Oui","Oui","Moyenne","Non"
"193","Pyrus communis","Poirier commun","Rosaceae","Oui","Distribution géographique  : Europe, Ouest de l'Asie.","Oui","Oui","Oui","Arbre","Non","Oui","Oui","Oui","Arbre nourricier pour les oiseaux et la petite faune, il attire les insectes","Le poirier est un des arbres fruitiers les plus appréciés que ce soit pour ses fruits savoureux ou sa floraison printanière blanche ou légèrement rosée","Origines diverses selon variétés","Le poirier à port pyramidal est un  bon marqueur saisonnier. Son feuillage vert brillant vire au orange-jaune en automne ; ses fleurs blanches au printemps sont suivies de poires  comestibles.A abriter des vents froids. C'est un arbre à l’origine très ancienne et très populaire pour ses fruits, ses propriétés médicinales et son bois .","Non","Feuillu","[""Fruits salissants""]","Nectarinier,abricotier,prunier,viorne,égopode,bois de panama","Oui","[""Branches cassantes""]","Non","Oui","Simple","Ouvert","Ronde","Glabre","Moyenne","Caduc","Blanc","[""4"",""5""]","[""Apparence""]",NA,"Usages possibles : fruitiers ; comestibles.","Non","Oui","14","Espèce autochtone","Faible",NA,NA,"Oui","Large","Longue","Non","Oui","Indigène","Oui","[""Aucun""]","Oui","Oui","Oui","Pyramidal","Oui","Aucun","Mixte","Espèce citée dans plusieurs guides","Mésothermophile","Moyenne","Mésoxérophyte","Tolérant","Glycophyte tolérante","[""Sable"",""Argile"",""Humus""]","Oui","Non","Non","Oui","Non","Moyenne","Non"
"194","Pyrus spinosa Forssk.","Poirier à feuilles d'amandier","Rosaceae","Oui","Méditerranéenne","Oui","Oui","Oui","Arbuste","Non","Oui","Non","Oui","Arbre nourricier pour les oiseaux et la petite faune, il attire les insectes","Les fruits sont comestibles blets ou en compote",NA,"Arbuste ou petit arbre héliophile d'une grande longévité, aux rameaux épineux, au système racinaire profond bien développé lui permettant résister à la sécheresse. Son port est une tige droite aux rameaux épineux, étalés à cime arrondie.","Non","Feuillu","[""Epines""]","Romarin,lavande,pistachier lentisque,nerprun alaterne,chênes vert et pubescent","Oui","[""Aucun""]","Non","Oui","Simple","Moyennement dense","Lancéolé ou ovale","Cireuse et poilue","Moyenne","Caduc","Blanches","[""4"",""5""]","[""Apparence""]",NA,"Petits fruits subglobuleux","Non","Oui","6","Espèce autochtone","Faible",NA,NA,"Oui","Moyen","Longue","Non","Oui","Indigène","Oui","[""Aucun""]","Oui","Oui","Oui","Buissonnant","Oui","Aucun","Mixte","Espèce citée dans plusieurs guides","Mésothermophile","Moyenne","Mésoxérophyte","Tolérant","Glycophyte tolérante","[""Sable"",""Argile"",""Humus""]","Oui","Non","Oui","Non","Non","Moyenne","Non"
"195","Quercus canariensis Willd.","Chêne zéen","Fagaceae","Oui","Algérie, Maroc, Tunisie, Espagne, Portugal ","Oui","Oui","Oui","Arbre","Oui","Oui","Oui","Oui","Ses glands sont plus ou moins appréciées selon leur teneur en tannins par l'avifaune et la micro-faune. C'est un abris pour la micro et petite faune","L’écorce du chêne zéen renferme des quantités considérables de tanin qui sert à la fabrication de produits cosmétiques et surtout dans le tannage du cuir.",NA,"Port majestueux, croissance rapide sur sols profonds et grande longévité, beau feuillage. Appréciable pour son ombre estivale, isolé ou en alignement.","Oui","Feuillu","[""Aucun""]","Arbousier,chêne vert,bruyère arbosrescente,sorbier torminal","Oui","[""Aucun""]","Non","Oui","Simple","Dense","Lobée","Glabre","Grande","Marcescent","Jaune","[""3"",""4""]","[""Non""]",NA,"Akène","Non","Oui","20","Espèce allochtone","Faible",NA,"Neutoterus","Oui","Large","Très longue","Non","Non","Exogène","Oui","[""Fruits""]","Oui","Oui","Oui","Arrondi","Oui","Aucun","Mixte","Espèce non citée","Mésothermophile","Moyenne","Résistant","Tolérant","Glycophyte tolérante","[""Sable"",""Limon"",""Argile""]","Oui","Oui","Oui","Oui","Oui","Moyenne","Non"
"196","Quercus coccifera","Chêne Kermès","Fagaceae","Oui","Méditerranéenne","Oui","Oui","Oui","Arbrisseau","Non","Oui","Non","Oui","Ses glands sont plus ou moins appréciées selon leur teneur en tannins par l'avifaune et la micro-faune. L'espèce est un abris pour la micro et petite faune","L'écorce et les racines du chêne kermès sont riches en tannins, substances utilisées pour le tannage des cuirs et la teinture des filets de pécheurs depuis le Moyen Âge.",NA,"Il est le symbole de la garrigue méditerranéenne . Petit arbre xérophile à large tronc très adaptable même dans sols rocheux calcaire . Il a sa place dans les jardins secs et en bord de mer.","Non","Feuillu","[""Aucun""]","Romarin,lavande,pistachier lentisque,nerprun alaterne,chênes vert et liège","Oui","[""Aucun""]","Non","Oui","Simple","Dense","Lancéolé ou ovale","Cireuse","Petite","Persistant","Vert, jaune","[""4"",""5""]","[""Non""]",NA,"Floraison : avril-mai ; fructification : août-septembre","Non","Oui","3","Espèce autochtone","Fort",NA,"Nourrit une cochenille","Oui","Moyen","Longue","Oui","Oui","Indigène","Oui","[""Fruits""]","Oui","Oui","Oui","Buissonnant","Oui","Drageonnantes","Traçant","Espèce citée dans plusieurs guides","Thermophile","Faible","Xérophyte","Tolérant","Glycophyte tolérante","[""Sable"",""Limon"",""Argile"",""Gravier/roches""]","Oui","Oui","Non","Oui","Oui","Lente","Non"
"197","Quercus glauca Thunb.","Chêne glauque","Fagaceae","Oui","Chine : Anhui Sheng, Zhejiang Sheng, Fujian Sheng, Henan Sheng, Hunan Sheng, Hubei Sheng, Gansu Sheng, Jiangxi Sheng, Jiangsu Sheng, Guangdong Sheng, Guizhou Sheng, Shaanxi Sheng, Sichuan Sheng, Yunnan Sheng, Guangxi Zhuangzu Zizhiqu, Xizang Zizhiqu, Corée, Japon, Taiwan, Népal, Laos, Myanmar, Vietnam","Oui","Oui","Oui","Arbre","Oui","Oui","Oui","Oui","Ses glands sont plus ou moins appréciées selon leur teneur en tannins par l'avifaune et la micro-faune. C'est un abris pour la micro et petite faune",NA,NA,"Le jeune feuillage prend des nuances vert foncé, bronze, ou encore violacé. Son port est arbustif. Ce petit chêne est souvent utilisé en alignement dans certains états des USA.  A planter en isolé dans les parcs, les jardins ou les places, pour son port très esthétique et l’ombre dense qu’il procure.","Oui","Feuillu","[""Aucun""]","Filaire,orme champêtre","Non","[""Aucun""]","Non","Oui","Simple","Dense","Lancéolé ou ovale","Poilue","Moyenne","Persistant","Jaune-vert","[""4""]","[""Non""]",NA,"Les fruits sont des glands d’environ 1,5 cm de longueur, cylindriques, recouverts au tiers par une cupule à écailles soyeuses. Les graines mûrissent en une année.","Non","Oui","10","Espèce allochtone","Moyen",NA,"Vérifier si pas d'insectes à VT","Oui","Moyen","Longue","Non","Oui","Exogène","Oui","[""Fruits""]","Oui","Non","Oui","Arrondi","Oui","Aucun","Pivotant","Espèce non citée","Mésothermophile","Forte","Résistant","Intolérant","Glycophyte tolérante","[""Sable"",""Limon"",""Argile"",""Humus"",""Gravier/roches""]","Non","Oui","Oui","Non","Oui","Lente","Non"
"198","Quercus ilex","Chêne vert","Fagaceae","Oui","Méditerranéenne à large amplitude, à tendance méditerranéo-atlantique","Oui","Non","Oui","Arbre","Oui","Non","Oui","Oui","Arbre nourricier pour les papillons et les oiseaux. Glands bruns, de dimensions variables,le gland possède unebonne valeur fourragère.","Les glands doux lorsqu'ils sont secs, ont longtemps servis de nourriture. Grillés,  rotis, réduits en farine ou en infusion",NA,"Chêne à croissance lente, au port arrondi et au feuillage persistant. Il est utilisé en alignement pour accompagner les cheminements piétons et les places. Il est également adapté pour structurer des boisements. Son feuillage est dense, vert foncé brillant avec un duvet blanc feutré au revers des feuilles dentées, apporte  des nuances et variations lumineuses. Il apporte une ombre confortable en toute saison. Il est le symbole de la garrigue méditerranéenne et du littoral atlantique. Sa longévité est exceptionnelle .","Oui","Feuillu","[""Aucun""]","Viorne,laurier sauce,romarin,genévrier,pistachier lentisque,chevrefeuille,lavande,cistes","Non","[""Fructification pouvant entraîner des dommages""]","B-EVEE à l'étranger","Oui","Simple","Dense","Lancéolé ou ovale","Poilue","Moyenne","Persistant","Jaune","[""4"",""5""]","[""Non""]",NA,"Glands bruns, de dimensions variables Le gland possède une bonne valeur fourragère.","Oui","Oui","20","Espèce autochtone","Fort",NA,"Abeilles, pucerons","Oui","Large","Très longue","Oui","Oui","Indigène","Oui","[""Fruits""]","Oui","Oui","Oui","Arrondi","Oui","Aucun","Pivotant","Espèce citée dans plusieurs guides","Mésothermophile","Moyenne","Xérophyte","Tolérant","Glycophyte tolérante","[""Sable"",""Limon"",""Argile""]","Non","Oui","Oui","Oui","Oui","Lente","Oui"
"199","Quercus ithaburensis","Chêne du mont Thabor","Fagaceae","Oui","Israël, Liban, Syrie, Turquie, Albanie, Grèce, Italie","Oui","Oui","Oui","Arbre","Oui","Oui","Oui","Oui","Ses glands sont plus ou moins appréciées selon leur teneur en tannins par l'avifaune et la micro-faune. C'est un abris pour la micro et petite faune",NA,NA,"Supporte la sécheresse car il fait partie des chênes qui peuvent s'accomoder du climat semi aride. Allergène, il faudrait  ne pas les planter en grande quantité.","Oui","Feuillu","[""Aucun""]","Romarin,lavande,pistachier lentisque,nerprun alaterne,chênes vert et pubescent","Non","[""Fructification pouvant entraîner des dommages""]","Non","Oui","Simple","Moyennement dense","Lobée","Poilue","Moyenne","Caduc","Jaune clair","[""5""]","[""Non""]",NA,"Akène","Non","Oui","15","Espèce autochtone","Fort",NA,NA,"Oui","Moyen","Longue","Non","Oui","Exogène","Oui","[""Fruits""]","Oui","Oui","Oui","Arrondi","Non","Aucun","Pivotant","Espèce non citée","Mésothermophile","Moyenne","Xérophyte","Tolérant","Glycophyte tolérante","[""Sable"",""Limon"",""Argile""]","Non","Oui","Oui","Non","Oui","Lente","Non"
"200","Quercus pubescens","Chêne pubescent","Fagaceae","Oui","Sud-européenne, subméditerranéenne","Oui","Oui","Oui","Arbre","Oui","Non","Oui","Oui","Les glands sont nocifs pour les équidés et les bovins.","Traditionnellement dévolu au bois de chauffage, le Chêne pubescent est ainsi promis à un avenir plus noble, celui de produire du bois d'œuvre capable de stocker à long terme du CO2. Les glands, si ils sont amères, contiennent des tannins qu'il faut lixifvier pour les rendre comestibles",NA,"Cette espèce forme des bois clairs ou se développe dans les friches, sur les sols calcaires de coteaux. Selon Rameau c'est le meilleur des chênes truffiers. Sa ramure est très ramifiée. On le préfèrera dans les parcs.","Oui","Feuillu","[""Aucun""]","Chêne vert,pistachier lentisque,charme,sureau rouge,viorne lantane,berbéris commun, buis,génévriers thurifère et de Phénicie,cornouillers mâle et sanguin,érables de Montpellier et champêtre,sorbier domestique,buis genevrier","Oui","[""Branches cassantes""]","Non","Oui","Simple","Ouvert","Lobée","Poilue","Moyenne","Marcescent","Jaune doré","[""4"",""5""]","[""Non""]",NA,"Glands agglomérés, à pédoncule court et cupule grise à écailles pubescentes.","Oui","Oui","20","Espèce autochtone","Fort",NA,"Abeilles, pucerons","Oui","Large","Record","Non","Oui","Indigène","Oui","[""Fruits""]","Oui","Oui","Oui","Étalé","Non","Aucun","Pivotant","Espèce non citée","Mésothermophile","Forte","Mésoxérophyte","Tolérant","Glycophyte tolérante","[""Sable"",""Limon"",""Argile""]","Oui","Oui","Oui","Oui","Oui","Lente","Non"
"201","Quercus rotundifolia","Chêne ballote","Fagaceae","Oui","Algérie, Maroc, Tunisie, Espagne, France, Portugal","Oui","Non","Oui","Arbre","Oui","Oui","Oui","Oui","Arbre nourricier pour les papillons et les oiseaux.","Ses glands ont été mélangés avec du blé et d'autres graines pour en faire du pain dans les années de dizette. Ils servent de nourriture aux porcs dans les dehesas espagnoles. Cependant, pour les rendre comestibles pour l'homme, il convient de les lixivier pour les rendre comestibles",NA,"Il fait partie des chênes qui peuvent s'accomoder du climat semi aride.","Oui","Feuillu","[""Aucun""]","Pin d'Alep,chêne vert","Non","[""Fructification pouvant entraîner des dommages""]","Non","Oui","Simple","Dense","Lancéolé ou ovale","Poilue","Moyenne","Persistant","Vert, jaune","[""5""]","[""Non""]",NA,"Akène","Non","Oui","8","Espèce autochtone","Moyen",NA,"Abeilles, pucerons","Oui","Moyen","Longue","Oui","Oui","Indigène","Oui","[""Fruits""]","Oui","Oui","Oui","Arrondi","Oui","Aucun","Pivotant","Espèce non citée","Mésothermophile","Moyenne","Mésoxérophyte","Tolérant","Glycophyte tolérante","[""Sable"",""Limon"",""Argile""]","Non","Oui","Oui","Oui","Oui","Lente","Non"
"202","Quercus suber","Chêne-liège","Fagaceae","Oui","Méditerranéo-atlantique","Oui","Oui","Oui","Arbre","Oui","Non","Oui","Oui","Arbre nourricier pour les papillons et les oiseaux.","Son liège est utilisé   pour la  production de bouchons",NA,"Le chêne est symbole de robustesse, de justice et de longévité. Le chêne-liège est traditionnellement cultivé dans le sud de l’Europe pour son liège.  L’écorce appelée liège est épaisse, jusqu’à 25 cm, composée de cellules mortes imprégnées de subérine , imperméable, hydrophobe, spongieuse et crevassée. Elle permet à la plante de limiter ses besoins en eau, elle le protège des parasites et des incendies.","Oui","Feuillu","[""Aucun""]","Viorne,laurier sauce,romarin,genévrier,pistachier lentisque,chevrefeuille,lavande,cistes","Non","[""Fructification pouvant entraîner des dommages""]","Non","Oui","Simple","Dense","Lancéolé ou ovale","Poilue","Moyenne","Persistant","Jaunâtre","[""4"",""5""]","[""Non""]",NA,"Glands allongés , rouge brique, terminés par une courte pointe, dans une cupule à écailles inégales, veloutées, mûrissant en 1 an à 1 an et demi.","Oui","Oui","15","Espèce autochtone","Fort",NA,"Abeilles, pucerons","Oui","Large","Très longue","Oui","Oui","Indigène","Oui","[""Fruits""]","Oui","Oui","Oui","Arrondi","Oui","Aucun","Pivotant","Espèce citée dans plusieurs guides","Thermophile","Forte","Mésoxérophyte","Tolérant","Glycophyte tolérante","[""Sable"",""Limon"",""Argile""]","Non","Oui","Oui","Oui","Oui","Lente","Oui"
"203","Quillaja saponaria Molina","Bois de Panama, arbre à écorce savon , Quillay","Quillajaceae","Oui","Chili","Non","Oui","Oui","Arbre","Oui","Oui","Oui","Non","Il permet une grande production de miel au Chili","L'écorse est particulièrement riche en saponine, utilisée dans les savons",NA,"Port pleureur élégant, floraison esthétique, résistance au froid . Il résiste très bien à la sécheresse, mais pousse lentement. Il convient en plantation isolé, ou avec d’autres arbres en arboretum, mais aussi dans un jardin de dimensions moyennes, car il n’est pas large.","Oui","Feuillu","[""Aucun""]","Azara,bois de plom,kolkwitzia,morelle noireholodisque discolore","Non","[""Aucun""]","Non","Oui","Simple","Dense","Lancéolé ou ovale","Cireuse","Petite","Persistant","Blanc crème","[""4"",""5"",""6""]","[""Non""]",NA,"Fruits ligneux, déhiscents, tomenteux, composés de 5 follicules bi-valvées. Les graines sont ailées.","Non","Oui","10","Espèce allochtone","Faible",NA,"Apis mellifera, insectes entomophages  , Syrphidae et +","Oui","Moyen","Longue","Non","Oui","Exogène","Oui","[""Ecorce""]","Oui","Oui","Oui","Arrondi","Oui","Aucun","Traçant","Espèce non citée","Mésothermophile","Moyenne","Mésoxérophyte","Tolérant","Glycophyte tolérante","[""Sable"",""Limon"",""Humus""]","Non","Oui","Oui","Non","Oui","Lente","Non"
"204","Retama monosperma  Boiss.","Genet blanc","Fabaceae","Oui","Algérie, îles de la mer Égée orientale, Égypte, Grèce, Maroc, Portugal, Espagne.","Non","Oui","Oui","Arbrisseau","Non","Oui","Oui","Oui","Quelques espèces de chenilles associés au retama","Le fruit est une gousse toxique",NA,"Idéal dans les jardins secs ou de bord de mer en sujet isolé, dans les massifs arbustifs et rocaille, c'est un végétal couramment utilisé pour fixer les dunes","Non","Feuillu","[""Aucun""]","Épine vinette,chêne pubescent, charme,","Non","[""Aucun""]","B-EVEE à l'étranger","Oui","Simple","Ouvert","Lancéolé ou ovale","Glabre","Petite","Caduc","Blanc","[""3"",""4""]","[""Les deux""]",NA,"Les fruits sont de petites gousses 4-Arrondies , pubescentes. Elles contiennent une, ou plus rarement deux, graines toxiques.","Non","Oui","4","Espèce allochtone","Moyen",NA,"Hymenoptera, lepidoptera","Oui","Étroit","Moyenne","Oui","Non","Exogène","Oui","[""Graines""]","Oui","Oui","Oui","Étalé","Oui","Aucun","Mixte","Espèce non citée","Thermophile","Moyenne","Xérophyte","Tolérant","Glycophyte tolérante","[""Sable"",""Gravier/roches""]","Non","Non","Non","Non","Oui","Moyenne","Non"
"205","Rhamnus alaternus","Nerprun alaterne","Rhamnaceae","Oui","Méditerranéenne","Non","Oui","Oui","Arbrisseau","Non","Oui","Non","Oui","Il attire les oiseaux, les papillons et les abeilles","Les baies du nerprun, riches en dérivés anthroquinoniques, peuvent être employées en sirop. Identifiées  comme un purgatif puissant, utilisé comme laxatif, diurétique, dépuratif pour lutter contre la goutte, la paralysie, la sciatique.",NA,"Peut être planté en isolé, en massif ou en haie.  véritable arbuste tout-terrain.","Non","Feuillu","[""Aucun""]","Romarin, pistachier lentisque, nerprun alaterne, chêne vert,thym,ciste blanc,genévrier","Non","[""Aucun""]","B-EVEE à l'étranger","Oui","Simple","Dense","Lancéolé ou ovale","Cireuse","Petite","Persistant","Jaunâtre","[""3"",""4""]","[""Parfum""]",NA,"Drupes obovales, d'abord rouges puis noires, avec 2 ou 3 sillons.","Non","Oui","4","Espèce autochtone","Moyen",NA,"Apidae, Apis mellifera, Syrphes, Chrysopes","Oui","Étroit","Longue","Oui","Oui","Indigène","Oui","[""Fruits"",""Racines""]","Oui","Oui","Oui","Arrondi","Non","Aucun","Traçant","Espèce citée dans plusieurs guides","Thermophile","Forte","Mésoxérophyte","Tolérant","Glycophyte tolérante","[""Sable"",""Limon"",""Argile""]","Non","Oui","Non","Oui","Oui","Lente","Non"
"206","Rhamnus cathartica L.","Nerprun purgatif","Rhamnaceae","Oui","Eurasiatique à tendance subméditerranéenne","Non","Oui","Oui","Arbrisseau","Non","Oui","Non","Oui","Il accueille notamment de nombreux oiseaux qui raffolent de sa fructification abondante. Le nerprun est également un hôte privilégié du papillon Citron dont les larves se nourrissent de son feuillage tandis que les adultes viennent butiner le nectar de ses fleurs.","Les baies du nerprun, riches en dérivés anthroquinoniques, peuvent être employées en sirop. Identifiées comme un purgatif puissant, utilisé comme laxatif, diurétique, dépuratif pour lutter contre la goutte, la paralysie, la sciatique.",NA,"Grand arbuste européen de 2 à 5 m de haut, il est buissonnant et il est notamment utilisé dans la composition des haies champêtres. Sa floraison printanière est lumineuse et odorante. Elle est suivies de petits fruits noirs décoratifs jusqu’en hiver.","Non","Feuillu","[""Epines"",""Fruits salissants""]","Épine vinette,chêne pubescent, charme,noisetier,orme","Non","[""Aucun""]","B-EVEE à l'étranger","Oui","Simple","Moyennement dense","Lancéolé ou ovale","Glabre","Moyenne","Caduc","Jaunâtre","[""5"",""6""]","[""Non""]",NA,"Drupes globuleuses de 6-8mm de diamètre, noires","Non","Oui","5","Espèce autochtone","Moyen",NA,NA,"Oui","Étroit","Moyenne","Non","Oui","Indigène","Oui","[""Fruits""]","Oui","Oui","Oui","Arrondi","Non","Aucun","Traçant","Espèce citée dans plusieurs guides","Thermophile","Très forte","Résistant","Tolérant","Glycophyte intolérante","[""Sable"",""Limon"",""Argile"",""Humus"",""Gravier/roches""]","Non","Non","Oui","Non","Oui","Lente","Non"
"207","Rhus coriaria L.","Sumac des corroyeurs","Anacardiaceae","Oui","Euryméditerranéenne","Oui","Oui","Oui","Arbuste","Non","Oui","Oui","Oui","Pollinisée par les insectes; dispersée par les animaux","Le fruit mûr séché est utilisé comme condiment aussi bien dans les plats de poisson, dans les salades que sur les brochettes de viande.Les graines mûres peuvent être consommées avant un repas pour stimuler l'appétit. Par contre, le fruit frais est toxique",NA,"Arbuste à usages culinaires et médicinaux. Très Jolie plante pour un jardin. Caduc d’à peine plus d’1 m aux feuilles vert intense, lancéolées et douces grâce au duvet qui les recouvre. Fleurs parfumées, jaunes poussant en petits bouquets. Son fruit est une baie rougeâtre.Requiert un sol sablonneux, léger de neutre à acide.","Non","Feuillu","[""Aucun""]","Romarin, pistachier lentisque, nerprun alaterne, chêne vert","Non","[""Aucun""]","Non","Oui","Composée","Moyennement dense","Lancéolé ou ovale","Poilue","Petite","Caduc","Blanchâtres","[""6"",""8""]","[""Non""]",NA,"Drupes subglobuleuses, velues, d'un pourpre brun à maturité","Non","Oui","3","Espèce autochtone","Moyen",NA,NA,"Oui","Étroit","Moyenne","Non","Oui","Indigène","Oui","[""Sève""]","Oui","Oui","Oui","Buissonnant","Oui","Drageonnantes",NA,"Espèce citée dans plusieurs guides","Résistante","Très forte","Xérophyte","Tolérant","Glycophyte intolérante","[""Sable"",""Limon"",""Argile"",""Humus"",""Gravier/roches""]","Non","Non","Non","Non","Oui","Rapide","Non"
"208","Ribes uva-crispa","Groseiller à maquereau","Grossulariaceae","Oui","Distribution géographique  : Centre ou Nord de l'Europe.","Oui","Oui","Oui","Sous-arbrisseau","Non","Oui","Non","Oui","Les fleurs sont petites et mellifères, de couleur blanc verdâtre. Ses baies sont gourmandes pour les oiseaux et et la micro-faune","La récolte proprement dite a lieu en juillet et en août, lorsque les fruits sont bien colorés et légèrement mous.",NA,"Arbuste buissonnant et épineux dont les fruits  translucides vert jaune, blancs ou rouge violacé, sont recherchés pour la consommation. Il est emblématique des jardins vivriers.","Non","Feuillu","[""Epines""]","Rosier buisson nain rouge,   lavande   .","Non","[""Aucun""]","Non","Oui","Simple","Ouvert","Palmilobé","Poilue","Petite","Caduc","Vert","[""4"",""5""]","[""Non""]",NA,"Usages possibles : fruitiers ; comestibles.","Non","Oui","2","Espèce autochtone","Faible",NA,NA,"Oui","Étroit","Moyenne","Non","Oui","Indigène","Oui","[""Aucun""]","Oui","Oui","Oui","Buissonnant","Oui","Aucun",NA,"Espèce citée dans un guide","Intolérante","Forte","Mésophyte","Intolérant","Glycophyte intolérante","[""Humus""]","Non","Non","Non","Non","Non","Rapide","Non"
"209","Rosa banksiae R. Br.","Rosier de banks","Rosaceae","Oui","Chine Nord-Centrale, Chine Sud-Centrale, Chine Sud-Est","Non","Oui","Oui","Arbrisseau","Non","Oui","Oui","Oui","C'est un abri pour oiseaux, reptiles et petits mamifères",NA,NA,"Inerme et peut donc être planté dans les lieux avec beaucoup de passage. Croissance vigoureuse. Plusieurs variétés à fleurs doubles ou simples, de couleur jaune ou blanche.","Non","Feuillu","[""Poils urticants""]","Sureau rouge, viorne lantane, arbre à perruque,berberis commun, buis,chevrefeuille étrusque,cornouillers mâle et sanguin,génévrier, baguenaudier,genêt à balai, chênes vert et pubescent,érable de Montpellier","Oui","[""Aucun""]","Non","Oui","Composée","Moyennement dense","Lancéolé ou ovale","Cireuse","Petite","Persistant","Jaune","[""4"",""5""]","[""Les deux""]",NA,"Fruit globuleux d'1 cm","Non","Oui","6","Espèce allochtone","Faible",NA,"Abeilles coupeuses de feuilles - megachile","Oui","Moyen","Longue","Non","Oui","Exogène","Oui","[""Aucun""]","Oui","Oui","Oui","Arrondi","Oui","Aucun",NA,"Espèce non citée","Mésothermophile","Forte","Résistant","Tolérant","Glycophyte tolérante","[""Sable"",""Limon"",""Argile"",""Humus""]","Oui","Non","Non","Non","Non","Rapide","Non"
"210","Rosa canina L.","Rosier des chiens , Eglantier","Rosaceae","Oui","Eurasiatique","Oui","Oui","Oui","Arbrisseau","Non","Oui","Oui","Oui","Idéal en haies fleuries c’est la providence des oiseaux qui se nourrissent de ses fruits charnus en hiver.","Les fruits ovoïdes, charnus, de 1 à 1,5 cm, de couleur rouge vif  ont l'avantage d'être comestibles sous la forme de confiture ou de conserve ou en infusion.On prête aux églantines, utilisées en infusion, des propriétés antiseptiques, laxatives et toniques amères.",NA,"Cet arbuste épineux au port dense et buissonnant peut servir de barrière végétale.Espèce indigène de rosier sauvage, cet églantier est intéressant pour sa floraison printanière abondante. Les fruits rouges comestibles sont également très décoratifs.","Non","Feuillu","[""Epines""]","Sureau rouge, viorne lantane, arbre à perruque,berberis commun, buis,chevrefeuille étrusque,cornouillers mâle et sanguin,génévrier, baguenaudier,genêt à balai, chênes vert et pubescent,érable de Montpellier","Non","[""Aucun""]","B-EVEE à l'étranger","Oui","Composée","Moyennement dense","Lancéolé ou ovale","Glabre","Petite","Caduc","Blanc, rose","[""5"",""6"",""7""]","[""Les deux""]",NA,"Usage :fruits décoratifsComestibilité: organecomestible","Non","Oui","3","Espèce autochtone","Faible",NA,NA,"Oui","Étroit","Moyenne","Non","Oui","Indigène","Oui","[""Aucun""]","Oui",NA,"Oui","Buissonnant","Oui","Aucun",NA,"Espèce citée dans plusieurs guides","Mésothermophile","Forte","Résistant","Tolérant","Glycophyte tolérante","[""Sable"",""Limon"",""Argile"",""Humus"",""Gravier/roches""]","Non","Oui","Oui","Oui","Non","Rapide","Non"
"211","Rosa laevigata Michx.","Rosier des Cherokees","Rosaceae","Oui","Chine Nord-Centrale, Chine Sud-Centrale, Chine Sud-Est, Hainan, Taiwan, Vietnam","Oui","Oui","Oui","Liane","Non","Oui","Oui","Oui","En tant que liane , c'est une cachette pour lapins et petits mammifères",NA,NA,"Rosier grimpant aux grandes  fleurs simples blanches avec belles étamines jaunes, belles feuilles brillantes rappelant celle du camélia. Fruits ovales à l'automne.","Non","Feuillu","[""Epines""]","Sureau rouge, viorne lantane, arbre à perruque,berberis commun, buis,chevrefeuille étrusque,cornouillers mâle et sanguin,génévrier, baguenaudier,genêt à balai, chênes vert et pubescent,érable de Montpellier","Non","[""Aucun""]","B-EVEE à l'étranger","Oui","Composée","Moyennement dense","Lancéolé ou ovale","Cireuse","Moyenne","Persistant","Blanc","[""3"",""4""]","[""Apparence""]",NA,"Fructification ; cynorrhodons rouges, de 2 cm de largeur, obovales, couverts de soies. Aucune fructification n’est observée à la Villa Thuret.","Non","Oui","10","Espèce allochtone","Faible",NA,"Abeilles, papillons","Oui","Étroit","Longue",NA,"Oui","Exogène","Oui","[""Aucun""]","Oui","Oui","Oui","Liane","Oui","Aucun",NA,"Espèce citée dans un guide","Mésothermophile","Moyenne","Résistant","Tolérant","Glycophyte tolérante","[""Sable"",""Limon"",""Argile""]","Non","Non","Non","Non","Non","Rapide","Non"
"212","Rosmarinus officinalis L.","Romarin officinal","Lamiaceae","Oui","Circumméditerranéenne","Non","Oui","Oui","Sous-arbrisseau","Non","Oui","Oui","Non","Très mellifères ses fleurs, avec leur pétale inférieur servant de piste atterrissage, sont idéalement prévues pour la visite des insectes pollinisateurs.","Il est reconnu pour ses vertus médicinales et aromatiques. On peut aussi utiliser le romarin en parfumerie, l'inclure en décoction sur les cheveux pour les rendre plus brillants. On confectionne aussi un miel très parfumé à base de romarin, car il attire les abeilles et les insectes pollinisateurs.",NA,"Sa ravissante floraison de couleur bleue et blanche en passant par le rose décore magnifiquement balcons, terrasses et jardins.Le romarin se cultive dans un endroit ensoleillé, dans un sol calcaire et bien drainé.","Non","Feuillu","[""Aucun""]","Laurier tin, térébinthe,lierre grimpant, buis,ciste blanc,cade,arbousier, genevrier,callune,baguenaudier,chênes kermes et vert,lavande,sauge arbustive","Non","[""Aucun""]","B-EVEE à l'étranger","Oui","Simple","Dense","Aiguille","Cireuse et poilue","Petite","Persistant","Bleu pâle à blanchâtre","[""1"",""4"",""7"",""10""]","[""Les deux""]",NA,"Akènes bruns groupés par 4","Non","Oui","1","Espèce autochtone","Moyen",NA,"Abeilles","Oui","Étroit","Courte","Oui","Oui","Indigène","Oui","[""Aucun""]","Oui","Oui","Oui","Buissonnant","Oui","Aucun",NA,"Espèce citée dans plusieurs guides","Thermophile","Forte","Xérophyte","Adapté","Glycophyte tolérante","[""Humus"",""Gravier/roches""]","Non","Oui","Non","Oui","Non","Lente","Oui"
"213","Salvia officinalis L.","Sauge officinale","Lamiaceae","Oui","Europe","Non","Oui","Oui","Sous-arbrisseau","Non","Oui","Oui","Non","Elle est l'hôte de la cicadelle de la sauge. Elle est nectarifère , mais n'est pas appréciée des fourmis, et empêche les mouches des carottes et des choux de s'installer. A côté de rangs de pommes de terre, la sauge évite la présence des doryphores.","Elle est reconnue pour ses vertus médicinales et aromatiques.",NA,"Sa floraison abondante et son feuillage lui valent une place au jardin d'ornement. Elle se cultive en sol léger et perméable, voire rocailleux, toujours à exposition ensoleillée.","Non","Feuillu","[""Aucun""]","Laurier tin, térébinthe,lierre grimpant, buis,ciste blanc,cade,arbousier, genevrier,callune,baguenaudier,chênes kermes et vert,lavande,romarin","Non","[""Aucun""]","Non","Oui","Simple","Moyennement dense","Lancéolé ou ovale","Poilue sur deux faces","Moyenne","Persistant","Bleu-violet","[""6"",""7"",""8""]","[""Non""]",NA,NA,"Non","Oui","1","Espèce autochtone","Moyen",NA,"Abeilles","Non","Étroit","Moyenne","Non","Oui","Indigène","Oui","[""Feuilles""]","Oui","Oui","Oui","Buissonnant","Oui","Aucun","Mixte","Espèce citée dans plusieurs guides","Mésothermophile","Forte","Xérophyte","Tolérant","Glycophyte tolérante","[""Humus"",""Gravier/roches""]","Non","Oui","Non","Non","Oui","Rapide","Oui"
"214","Salvia yangii B.T. Drew","Sauge russe","Lamiaceae","Oui","Afghanistan, Pakistan, Tibet, West Himalaya, Xinjiang","Non","Oui","Oui","Sous-arbrisseau","Non",NA,"Oui","Non","Cet arbuste à la belle floraison estivale est apprécié des abeilles.",NA,NA,"Au jardin sensoriel pour l'odeur de ses feuilles, elle a un aspect léger et aérien dû à ses fleurs. Très bien adaptée au milieu urbain ; elle est peu sensible aux pathogènes et très attrayante pour les insectes.","Non","Feuillu","[""Aucun""]","Laurier tin, térébinthe,lierre grimpant, buis,ciste blanc,cade,arbousier, genevrier,callune,baguenaudier,chênes kermes et vert,lavande,romarin","Oui","[""Aucun""]","Non","Oui","Simple","Ouvert","Lancéolé ou ovale","Poilue sur deux faces","Petite","Caduc","Bleu, violet","[""7"",""8""]","[""Apparence""]",NA,NA,"Non","Oui","1.5","Espèce allochtone","Moyen",NA,"Abeilles","Non","Moyen","Courte","Oui","Non","Exogène","Oui","[""Aucun""]","Oui","Oui","Oui","Buissonnant","Oui","Aucun","Mixte","Espèce citée dans un guide","Mésothermophile","Forte","Mésoxérophyte","Tolérant","Glycophyte tolérante","[""Sable"",""Limon""]","Oui","Non","Non","Non","Non","Rapide","Non"
"215","Sambucus nigra L.","Sureau noir","Adoxacées","Oui","Eurasiatique à tendance subatlantique","Non","Oui","Oui","Arbuste","Non","Oui","Non","Oui","Le sureau noir  constitue un refuge et un garde-manger pour de nombreux insectes","Le sureau noir  permet d’élaborer de succulentes confitures ou gelées à base de fruits non traités.L'écorce et les feuilles sont utilisées traditionnellement sèches ou fraîches contre les douleurs rhumatismales, la constipation ou les œdèmes, en tisane ou compresse.",NA,"Grand arbuste large buissonnant et érigé ou petit arbre au tronc court. Ses grandes fleurs blanc crème en ombelles se détachent sur le feuillage vert foncé.  La floraison est suivie de fruits en baies rondes noir luisant, très juteuses. La feuillaison est précoce et la chute tardive. C’est un bon brise-vent à planter isolé, en groupe, en massif ou en haie en association. Il est intéressant pour la végétalisation d’éboulis et de coteaux dont il est caractéristique.","Oui","Feuillu","[""Fruits salissants""]","Cornouillier sanguin,robinier,saules,aulne glutineux","Non","[""Aucun""]","A-EVEE à l'étranger","Oui","Composée","Dense","Lancéolé ou ovale","Glabre","Moyenne","Caduc","Blanchâtre","[""4"",""5""]","[""Parfum""]",NA,"Comestible cuit. Et hydrochore","Non","Oui","10","Espèce autochtone","Moyen",NA,"Beaucoup d'abeilles, papillons, pollinisé par  : abeilles à langue courte, syrphes, mouches, coléoptères","Oui","Moyen","Moyenne","Non","Oui","Indigène","Oui","[""Fruits"",""Feuilles"",""Ecorce"",""Racines""]","Oui","Oui","Oui","Arrondi","Oui","Aucun","Mixte","Espèce citée dans un guide","Mésothermophile","Forte","Mésophyte","Tolérant","Glycophyte intolérante","[""Limon"",""Argile""]","Oui","Non","Oui","Oui","Oui","Rapide","Non"
"216","Santolina chamaecyparissus L.","Santoline petit cyprès","Asteraceae","Oui","Ouest et centre méditerranéenne","Oui","Oui","Oui","Sous-arbrisseau","Non","Oui","Oui","Non","Pollinisée par les insectes","Comme la lavande, la santoline est un antimite naturel.Elle a également des propriétés médicinales. On en tire une huile essentielle réputée pour son action vermifuge. les infusions de fleurs sont efficaces contre les crampes d’estomac",NA,"Sous-arbrisseau rameux, touffu, ses rameaux sont couverts de petites feuilles blanchâtres, étroites, dentées, couvertes d'un duvet argenté. Il donne en été des capitules de petites fleurs jaune d'or. Cette plante, armée contre la sécheresse et les sols pierreux, forme un très beau couvre-sol facile à vivre.","Non","Feuillu","[""Aucun""]","Ciste blanc, ciste de Montpellier, ciste à feuilles de sauge, bruyère à fleurs nombreuses, anthyllide faux-cytise, genêt poilu, romarin, thym à têtes, pin d’Alep, chêne vert,lavande,genêt d'Espagne","Non","[""Aucun""]","Non","Oui","Simple","Dense","Lancéolé ou ovale","Poilue sur deux faces","Petite","Persistant","Jaune","[""6"",""7"",""8""]","[""Les deux""]",NA,"Akènes dispersées par le vent","Non","Non","1","Espèce autochtone","Moyen",NA,NA,"Oui","Étroit","Moyenne","Non","Non","Indigène","Oui","[""Feuilles""]","Oui","Oui","Oui","Buissonnant","Non","Aucun",NA,"Espèce citée dans un guide","Thermophile","Moyenne","Xérophyte","Adapté","Glycophyte tolérante","[""Sable"",""Gravier/roches""]","Non","Oui","Non","Non","Oui","Rapide","Oui"
"217","Schinus molle L.","Faux poivrier, poivrier sauvage","Anacardiaceae","Oui","Brésil , Uruguay.","Oui","Oui","Oui","Arbre","Oui","Oui","Oui","Oui","Utilisé par beaucoup d'animaux comme plante hôte","On extrait du feuillage de cet arbre une huile essentielle qui possède des propriétés antibactériennes, anti-fongiques, anti-inflammatoire, régulatrice de la pression artérielle. Ses baies roses au goût poivré, utilisées en cuisine ou en médecine traditionnelle.",NA,"Résiste très bien à la pollution dans le sol et dans l'air. Supporte bien la taille. Taillé, il rejette immédiatement sans dommage. Port pleureur de petites dimensions.Arbre romantique et protecteur","Oui","Feuillu","[""Brûlures""]","Eucalyptus sp., Casuarina sp.,","Non","[""Branches cassantes""]","B-EVEE à l'étranger","Oui","Composée","Moyennement dense","Lancéolé ou ovale","Glabre","Petite","Persistant","Jaune, blanc, vert","[""5"",""6"",""7"",""8"",""9"",""10"",""11""]","[""Parfum""]",NA,"Les baies roses à rouges , sont groupés en grappes pendantes décoratives durant l'automne. Il est comestible, utilisé comme condiment dans son pays d'origine.","Non","Oui","10","Espèce allochtone","Faible",NA,"Abeilles, papillons","Oui","Moyen","Longue","Non","Oui","Exogène","Oui","[""Fruits"",""Sève""]","Oui","Oui","Oui","Étalé","Oui","Racines agressives","Traçant","Espèce non citée","Mésothermophile","Moyenne","Mésoxérophyte","Tolérant","Glycophyte tolérante","[""Sable"",""Limon"",""Argile"",""Gravier/roches""]","Oui","Oui","Oui","Oui","Oui","Rapide","Non"
"218","Senna corymbosa","Séné, Cassier","Fabaceae","Oui","Argentine Nord-Est, Argentine Nord-Ouest, Brésil Sud, Brésil Sud-Est, Brésil Centre-Ouest, Paraguay, Uruguay","Oui","Oui","Oui","Arbrisseau","Non","Oui","Oui","Oui","Les fleurs attirent nombres de pollinisateurs, dont les papillons.","Les graines sont toxiques et peuvent empoisonner le bétail.",NA,"Le séné a besoin d'une exposition chaude, abritée des vents froids et ensoleillée. Il sera cultivé idéalement dans un sol pas trop riche, profond et bien drainé. Belle et longue floraison jaune d'or.","Non","Feuillu","[""Aucun""]","Incarvillea,œillet,boronia,hélianthi","Non","[""Aucun""]","B-EVEE à l'étranger","Oui","Composée","Moyennement dense","Lancéolé ou ovale","Glabre","Moyenne","Caduc","Jaune","[""7"",""8"",""9""]","[""Apparence""]",NA,NA,"Non","Oui","3","Espèce allochtone","Moyen",NA,"Abeilles, bourdons, guèpes, lépidoptères dont surtout des papillons, fourmis","Oui","Moyen","Courte","Non","Oui","Exogène","Oui","[""Fruits"",""Feuilles""]","Oui","Oui","Oui","Buissonnant","Oui","Aucun",NA,"Espèce non citée","Mésothermophile","Moyenne","Mésoxérophyte","Tolérant","Glycophyte tolérante","[""Sable"",""Limon"",""Humus""]","Non","Non","Oui","Non","Oui","Moyenne","Non"
"219","Solanum laxum Spreng.","Morelle faux-jasmin","Solanaceae","Oui","Argentine Nord-Est, Brésil Sud, Brésil Sud-Est, Paraguay, Uruguay","Non","Oui","Oui","Liane","Non","Non","Oui","Oui","Il attire les insectes pour la pollinisation et les ravageurs. Ses baies sont toxiques pour certains animaux, et ses feuilles repoussent les pucerons","Le fruit est une baie de 5 mm de diamètre, noire et toxique.",NA,"Cette liane à floraison généreuse est utilisée dans les jardins pour couvrir les treillages ou les pergolas.Elle supporte -8 °C. On la multiplie par bouturage en été. Les fruits sont toxiques.","Non","Feuillu","[""Brûlures""]","Agapanthe,frémontodendron,beschornéria,triteleia,onagre","Non","[""Aucun""]","B-EVEE à l'étranger","Non","Simple","Dense","Lancéolé ou ovale","Glabre","Moyenne","Semi-persistant","Bleu pâle, blanc","[""4"",""5"",""6"",""7"",""8"",""9"",""10""]","[""Apparence""]",NA,"Petite baie noire toxique","Non","Oui","8","Espèce allochtone","Faible",NA,"Bourdons, abeilles, thrips","Oui","Étroit","Moyenne","Non","Non","Exogène","Oui","[""Fruits"",""Graines"",""Feuilles"",""Sève"",""Fleurs"",""Ecorce"",""Racines""]","Oui","Oui","Oui","Liane","Non","Aucun","Cœur","Espèce non citée","Mésothermophile","Moyenne","Résistant","Tolérant","Glycophyte tolérante","[""Sable"",""Limon""]","Non","Non","Non","Non","Oui","Rapide","Non"
"220","Sorbus domestica","Cormier, Sorbier domestique","Rosaceae","Oui","Subméditerranéenne","Non","Oui","Oui","Arbre","Oui","Oui","Oui","Oui","Il offre une floraison mellifère qui attire nombre de pollinisateurs et de nombreux insectes auxiliaires. Sa fructification est appréciée par les merles et autres volatiles .Ses fruits persistent longtemps sur l'arbre en hiver, ce qui lui donne un intérêt décoratif indéniable, et surtout constitue une réserve de nourriture pour les oiseaux.","Ces fruits sont utilisés traditionnellement, bien mûrs et cuits, pour confectionner des confitures, des gelées ou des liqueurs.",NA,"Arbre majestueux de grande taille utilisé en isolé, alignement ou dans un verger. C’est un arbre décoratif qui produit des fruits comestibles remarquables . Cet arbre est également intéressant pour son ombrage léger. Cette espèce à l’origine plutôt méditerranéenne est utilisée depuis l’époque romaine.","Oui","Feuillu","[""Fruits salissants""]","Laurier-tin, térébinthe, lierre grimpant, buis, ciste blanc, ciste à feuilles de peuplier, ciste à feuilles de sauge, cade, genévrier de Phénicie, arbousier commun, callune, bruyère arborescente, baguenaudier, chênes vert et pubescent,","Non","[""Aucun""]","A-EVEE à l'étranger","Oui","Composée","Moyennement dense","Lancéolé ou ovale","Poilue","Moyenne","Caduc","Blanc","[""4"",""5"",""6""]","[""Apparence""]",NA,"Fruits  en forme de petites poires jaunâtres, longues de 1,5-3 cm.","Non","Oui","15","Espèce autochtone","Moyen",NA,"Pollinisée par - abeilles, syrphes","Oui","Large","Record","Oui","Non","Indigène","Oui","[""Aucun""]","Oui","Oui","Oui","Arrondi","Oui","Aucun","Pivotant","Espèce citée dans plusieurs guides","Mésothermophile","Très forte","Xérophyte","Tolérant","Glycophyte intolérante","[""Limon"",""Argile"",""Humus""]","Non","Non","Oui","Oui","Non","Lente","Non"
"221","Spartium junceum","Spartier à tiges de jonc","Fabaceae","Oui","Méditerranéenne","Oui","Oui","Oui","Arbrisseau","Non","Oui","Oui","Non","Les bêtes qui consomment la plante entière  sont parfois atteintes de vertiges et de convulsions car les gousses et les graines contiennent de la cytisine, une substance proche de la nicotine, provoquant une augmentation du rythme cardiaque, des nausées, des vomissements et souvent la mort par paralysie respiratoire.","Tout le styrax est toxique en particulier les gousses et les graines. Des fleurs voire des ramaux est extraite une huile essentielle, utilisée en industrie parmaceutique. Ses tiges filamenteuses  étaient tressées pour façonner des espadrilles.",NA,"Usage possible en haies . Attrayant même en hiver car il reste toujours vert et offre une magnifique floraison très parfumée pendant de longs mois. Un arbuste frugal et assez rustique à planter en isolé ou en groupe.","Non","Feuillu","[""Aucun""]","Arbre à perruque, chevrefeuille étrusque,cade,prunellier, buisson ardent","Non","[""Aucun""]","Non","Oui","Simple","Ouvert","Lancéolé ou ovale","Poilue","Petite","Caduc","Jaune","[""5"",""6""]","[""Apparence""]",NA,"Gousses aplaties, d'abord soyeuses, verdâtres puis noirâtres, glabres ; graines toxiques.","Non","Oui","5","Espèce autochtone","Moyen",NA,NA,"Oui","Étroit","Moyenne","Oui","Oui","Indigène","Oui","[""Graines""]","Oui","Oui","Oui","Arrondi","Oui","Aucun",NA,"Espèce citée dans un guide","Mésothermophile","Forte","Mésoxérophyte","Tolérant","Glycophyte tolérante","[""Sable"",""Limon"",""Argile"",""Humus"",""Gravier/roches""]","Non","Oui","Non","Non","Oui","Rapide","Oui"
"222","Styphnolobium japonicum  Schott","Sophora du Japon","Fabaceae","Oui","Chine : Anhui Sheng, Zhejiang Sheng, Fujian Sheng, Henan Sheng, Hebei Sheng, Hubei Sheng, Jiangxi Sheng, Jiangsu Sheng, Guangdong Sheng, Guizhou Sheng, Shandong Sheng, Shaanxi Sheng, Sichuan Sheng, Yunnan Sheng","Non","Oui","Oui","Arbre","Non","Oui","Oui","Non","Arbre mellifère de première importance car sa floraison a lieu dans une période creuse pour la floraison. La fleur est odorante et fournit du nectar en quantité.","Un thé peut être fait à partir des jeunes feuilles et des fleurs. Un amidon comestible est obtenu à partir de la graine.Cette espèce est couramment utilisée dans la médecine chinoise et est considérée comme l'une des 50 herbes fondamentales.",NA,"Il supporte bien les conditions urbaines  Floraison tardive et fruits remarquables","Oui","Feuillu","[""Dépôt de miellat""]","Sorbiers,savonnier,frênes","Non","[""Branches cassantes"",""Fructification pouvant entraîner des dommages""]","Non","Oui","Composée","Moyennement dense","Lancéolé ou ovale","Poilue","Grande","Caduc","Blanc","[""7"",""8""]","[""Les deux""]",NA,"Gousses pendantes, resserées entre chaque graine","Oui","Oui","25","Espèce allochtone","Moyen",NA,"Abeilles, autres insectes - important car floraison tardive","Non","Large","Moyenne","Oui","Non","Exogène","Oui","[""Fruits""]","Oui","Oui","Oui","Étalé","Non","Racines agressives","Traçant","Espèce citée dans un guide","Mésothermophile","Moyenne","Mésoxérophyte","Intolérant","Glycophyte tolérante","[""Sable"",""Limon"",""Argile"",""Gravier/roches""]","Non","Non","Oui","Non","Oui","Moyenne","Oui"
"223","Styrax officinalis","Aliboufier","Styracaceae","Oui","Est-méditerranéenne","Non","Oui","Oui","Arbuste","Non","Oui","Oui","Non","Le styrax est visité par de nombreux insectes: abeilles, bourdons, papillons , syrphes.","Le styrax est utilisé pour son parfum et le benjoin pour ses vertus médicinales en traitement des infections respiratoires. Incision sur le tronc pour en retirer des gouttes blanches appelées, cetet résine est appelée le baume ou benjoin de styrax",NA,"C'est un arbuste buissonnant très ramifié.Espèce rare présentant un grand intérêt patrimonial.","Non","Feuillu","[""Aucune""]","Chênes vert et kermès, pistachier terébinthe,ciste blanc, ciste de Montpellier, ciste à feuilles de sauge, bruyère à fleurs nombreuses, anthyllide faux-cytise, genêt poilu, romarin, thym à têtes, pin d’Alep","Non","[""Aucun""]","Non","Oui","Simple","Moyennement dense","Lancéolé ou ovale","Poilue","Moyenne","Caduc","Blanc","[""5"",""6""]","[""Apparence""]",NA,"Capsules coriaces, blanchâtres cotonneuses, charnues, ovoïdes, de la taille d'une cerise, soudées par leur partie inférieure au calice persistant, contenant une ou deux grosses graines.","Non","Oui","7","Espèce autochtone","Moyen",NA,"Abeilles","Oui","Moyen","Longue","Non","Oui","Indigène","Oui","[""Aucun""]","Oui","Oui","Oui","Arrondi","Oui","Aucun",NA,"Espèce citée dans plusieurs guides","Thermophile","Forte","Mésoxérophyte","Tolérant","Glycophyte tolérante","[""Sable"",""Limon"",""Argile"",""Humus""]","Non","Oui","Non","Oui","Non","Lente","Non"
"224","Syringa vulgaris L.","Lilas commun","Oleaceae","Oui","Albanie, Bulgarie, Grèce, Roumanie, Yougoslavie","Non","Oui","Oui","Arbuste","Non","Oui","Oui","Non","Attractif  pour les papillons","Fleurs à bouquet",NA,"Petit arbre structuré  ou en groupe dans les massifs ou en haie libre. Très populaire pour ses fleurs à couper","Oui","Feuillu","[""Aucun""]","Amélanchier,clethra","Oui","[""Aucun""]","EVEE","Oui","Simple","Moyennement dense","Lancéolé ou ovale","Glabre","Moyenne","Caduc","Lilas","[""4"",""5""]","[""Les deux""]",NA,"Capsule","Non","Oui","5","Invasive potentielle","Moyen",NA,"Papillons  abeilles","Oui","Moyen","Longue","Non","Oui","Exogène","Oui","[""Aucun""]","Oui","Oui","Oui","Buissonnant","Oui","Drageonnantes","Mixte","Espèce citée dans un guide","Mésothermophile","Forte","Résistant","Tolérant","Glycophyte tolérante","[""Sable"",""Limon"",""Argile"",""Humus"",""Gravier/roches""]","Oui","Non","Oui","Non","Non","Moyenne","Non"
"225","Tagetes lemmonii A. Gray","Tagete de lemmon, Souci arbustif","Asteraceae","Oui","Arizona, Mexique Nord-Est, Mexique Nord-Ouest","Non","Oui","Oui","Sous-arbrisseau","Non","Oui","Oui","Non",NA,"On peut utiliser les feuilles pour aromatiser du vinaigre, du chocolat ou des desserts. Une décoction de son feuillage est   très efficace pour lutter contre les chenilles et les pucerons",NA,"Le tagète de Lemmon se cultive au soleil ou à mi- ombre. Tolérant, il se contente d’un sol relativement pauvre et peu profond, supporte le calcaire, mais exige que le drainage soit important.","Non","Feuillu","[""Brûlures""]",NA,"Oui","[""Aucun""]","Non","Oui","Composée","Ouvert","Lancéolé ou ovale","Glabre","Moyenne","Persistant","Jaune","[""6"",""10"",""11"",""12""]","[""Apparence""]",NA,"Insignifiant","Non","Non","1","Espèce allochtone","Faible",NA,"Abeilles, papillons","Non","Étroit","Courte","Non","Oui","Exogène","Oui","[""Aucun""]","Oui","Oui","Oui","Buissonnant","Oui","Aucun","Traçant","Espèce non citée","Mésothermophile","Faible","Mésoxérophyte","Tolérant","Glycophyte intolérante","[""Sable"",""Limon"",""Argile""]","Non","Non","Non","Non","Non","Moyenne","Non"
"226","Tamarix parviflora DC.","Tamaris à petites fleurs","Tamaricaceae","Oui","Israël, Turquie, Albanie, Grèce, Croatie, Macédoine du Nord, Slovénie","Non","Oui","Oui","Arbrisseau","Non",NA,"Oui","Non","Ses abondantes fleurs roses attirent une variété de papillons, d’abeilles et d’autres insectes bénéfiques, contribuant à la biodiversité des jardins",NA,NA,"Il est résistant au vent, aux embruns, supporte la pauvreté du sol et même le dessèchement superficiel du sol dans la mesure où de l’eau lui est disponible en profondeur. Il a donc besoin d’un sol profond pour pouvoir y enfoncer sa racine pivotante. Utilisé en haie, notamment très apprécié en bord de mer","Oui","Feuillu","[""Aucun""]","Houblon,érable rouge,Viburnum rhytidophyllum,Dipelta floribunda","Non","[""Aucun""]","Alerte","Oui","Simple","Ouvert","Écaille","Glabre","Petite","Caduc","Blanc rose","[""5"",""6""]","[""Apparence""]",NA,"Capsule","Non","Oui","5","Invasive potentielle","Moyen",NA,"Coléoptères, hémiptères, lépidoptères","Non","Moyen","Longue","Oui","Oui","Exogène","Non","[""Aucun""]","Non","Oui","Oui","Étalé","Oui","Aucun","Mixte","Espèce non citée","Mésothermophile","Très forte","Mésoxérophyte","Adapté","Halophyte facultative","[""Sable"",""Limon""]","Non","Oui","Oui","Non","Non","Moyenne","Non"
"227","Taxus baccata","If commun","Taxaceae","Oui","Subatlantique","Oui","Non","Oui","Arbre","Non","Oui","Oui","Oui","Les plants d’if femelles nourriront grâce à leurs fruits rouges les oiseaux du jardin en automne et en hiver. Les ifs produisant beaucoup de pollen sont également appréciés de tous les insectes mellifères.","Toutes ses parties à l'exception de sa cupule rouge sont toxiques",NA,"Arbre petit à moyen ou grand arbuste, persistant et très dense à la couronne ovoïde sur tronc court rouge brun et cannelé. Structurant et compact s’il est taillé régulièrement. Ses fruits en petites baies rouges sont décoratifs mais très toxiques, il est donc à éviter dans les lieux de jeux tels que les cours d’école et les squares. Utilisé pour l’art topiaire dans les parcs et jardins il est reconnu pour sa grande longévité et symbolise l’immortalité dans les espaces sacrés et de recueillement.","Oui","Conifère","[""Aucune""]","Viorne lantane, arbre à perruque, térébinthe, lierre grimpant, berbéris commun, charme, noisetier, charme houblon, buis, fusain d’Europe, cornouiller mâle, cornouiller sanguin, cade, genévrier de Phénicie, genévrier thurifère, bruyère à balai, genêt cendré, genêt d’Espagne, genêt poilu,genêt épineux,chêne vert","Non","[""Aucune""]","Non","Non","Simple","Dense","Aiguille","Limbe réduit","Petite","Persistant","Jaune","[""2"",""3"",""4""]","[""Non""]",NA,"Graine entourée d'une coupe charnue rouge vif, à suc visqueux noirâtre : l'arille.","Non","Non","15","Espèce autochtone","Moyen",NA,"Abeilles , Coccus hesperidum","Non","Large","Record","Non","Oui","Indigène","Oui","[""Fruits"",""Graines"",""Feuilles"",""Sève"",""Fleurs"",""Ecorce"",""Racines""]","Oui","Oui","Oui","Pyramidal","Non","Aucun","Mixte","Espèce citée dans un guide","Résistante","Très forte","Résistant","Tolérant","Glycophyte tolérante","[""Sable"",""Limon"",""Argile"",""Humus"",""Gravier/roches""]","Non","Oui","Oui","Oui","Oui","Lente","Non"
"228","Teucrium fruticans","Germandrée arbustive","Lamiaceae","Oui","Ouest-méditerranéenne","Oui","Oui","Oui","Arbrisseau","Non","Oui","Oui","Non","Cette floraison délicate particulièrement nectarifère et mellifère, s’épanouit pendant  de long mois et attire à elle les insectes pollinisateurs.","La germandrée  entre ainsi dans la composition de divers apéritifs et liqueurs digestives, tels les vermouths et la chartreuse. Mais son utilisation doit être parcimonieuse. On utilise les sommités fleuries séchées, en infusion ou macérées dans du vin.",NA,"La germandrée se plante en rocailles, en haie avec d'autres plantes méditerranéennes comme l'olivier","Non","Feuillu","[""Aucune""]","Caroubier, olivier,pistachier lentisque,pin d'Alep,myrte commun, nerprun alaterne","Oui","[""Aucune""]","Non","Oui","Simple","Dense","Lancéolé ou ovale","Poilue","Petite","Persistant","Bleu pâle","[""1"",""2"",""3"",""6"",""7""]","[""Apparence""]",NA,"Akènes bruns, couverts de poils, un peu ridés, groupés par 4.","Non","Oui","1","Espèce autochtone","Faible",NA,NA,"Oui","Étroit","Moyenne","Oui","Oui","Indigène","Oui","[""Aucun""]","Oui","Oui","Oui","Buissonnant","Oui","Aucun","Cœur","Espèce citée dans plusieurs guides","Thermophile","Moyenne","Xérophyte","Tolérant","Glycophyte tolérante","[""Sable"",""Limon"",""Humus"",""Gravier/roches""]","Oui","Oui","Non","Non","Non","Rapide","Non"
"229","Tilia cordata Mill.","Tilleul à petites feuilles","Malvaceae","Oui","Eurasiatique, médioeuropéenne","Oui","Oui","Oui","Arbre","Oui","Oui","Oui","Oui","Les fleurs de tilleul sont une des espèces des plus riches en pollen et en nectar,ils attirent une quantité impressionnante d'insectes par son parfum enivrant.","La fleur de tilleul est avant tout calmante et adoucissante, on l'utilise sous forme de tisanes.L'aubier de tilleul est utilisé comme draineur: on l'emploie sous forme de décoction des baronnets recoupés en petits morceaux, ou également de gélules de poudre nébulisée.",NA,"Grand arbre majestueux à couronne dense, ovoïde, avec des rameaux retombants avec l’âge: c'est un bon marqueur saisonnier. Il projette une ombre agréable. C'est une essence forestière en futaie, mais on le retrouve dans les  jardins  ou en alignement. Il  supporte bien la taille. Symbole de promenade et d’apparat militaire, il est  reconnu pour ses vertus médicinales","Oui","Feuillu","[""Dépôt de miellat""]","Sureau noir, viorne obier,lierre grimpant, aulne glutineux, aulne blanc,chevrefeuille des bois, peuplier blanc,charme","Non","[""Aucun""]","Non","Oui","Simple","Dense","Ronde","Glabre","Moyenne","Caduc","Jaune blanchâtre","[""7""]","[""Les deux""]",NA,"Fruits secs globuleux, petits , à côtes plus ou moins saillantes","Oui","Oui","30","Espèce autochtone","Faible",NA,NA,"Oui","Large","Très longue","Non","Oui","Indigène","Oui","[""Aucun""]","Oui","Oui","Oui","Arrondi","Oui","Drageonnantes","Traçant","Espèce citée dans plusieurs guides","Résistante","Forte","Mésophyte","Tolérant","Glycophyte tolérante","[""Sable"",""Limon"",""Argile"",""Humus""]","Non","Non","Oui","Oui","Non","Moyenne","Oui"
"230","Tilia platyphyllos Scop.","Tilleul à grandes feuilles","Malvaceae","Oui","Eurasiatique, subatlantique, subméditerranéenne","Oui","Oui","Oui","Arbre","Oui","Oui","Oui","Oui","Les fleurs de tilleul font partie des espèces les plus riches en pollen et en nectar, elles attirent une quantité impressionnante d'insectes grâce à leur parfum ennivrant.","La fleur de tilleul est avant tout calmante et adoucissante, on l'utilise sous forme de tisanesL'aubier de tilleul est utilisé comme draineur: on l'emploie sous forme de décoction des baronnets recoupés en petits morceaux, ou également de gélules de poudre nébulisée.",NA,"Grand tilleul puissant d’abord ovoïde puis étalé et voûté au tronc court. Il supporte la taille . Ses feuilles d’un vert mat, dessous vert grisé clair pubescent virent au jaune à l'automne. Ses fleurs jaunes au parfum sucré en été sont suivies de fruits en petites noix brunes perdurant souvent jusqu‘en hiver. C’est un arbre d’ombrage par excellence et de brise-vent. A planter en alignement, bosquets, dans de grands espaces Il est symbole de grande longévité.","Oui","Feuillu","[""Dépôt de miellat""]","Viorne lantane, arbre à perruque, térébinthe, lierre grimpant, berbéris commun, charme, noisetier, charme houblon, buis, fusain d’Europe, cornouiller mâle, cornouiller sanguin, cade,genévrier de Phénicie, genévrier thurifère, bruyère à balai, genêt cendré, genêt d’Espagne, Genêt poilu,   Genêt épineux, châtaignier, chêne chevelu, chêne vert","Non","[""Aucun""]","B-EVEE à l'étranger","Oui","Simple","Dense","Ronde","Poilue sur deux faces","Grande","Caduc","Blanches ou jaune pâle","[""6"",""7""]","[""Les deux""]",NA,"Fruits secs, globuleux, souvent velus, à 5 côtes saillantes","Oui","Oui","35","Espèce autochtone","Faible",NA,NA,"Oui","Très large","Record","Non","Oui","Indigène","Oui","[""Aucun""]","Oui","Oui","Oui","Arrondi","Oui","Drageonnantes","Traçant","Espèce citée dans plusieurs guides","Résistante","Forte","Résistant","Tolérant","Glycophyte tolérante","[""Sable"",""Limon"",""Argile"",""Humus""]","Non","Non","Oui","Oui","Non","Moyenne","Oui"
"231","Tilia tomentosa Moench","Tilleul argenté, Tilleul de Hongrie","Malvaceae","Oui","Turquie  Yougoslavie, Albanie, Bulgarie, Grèce, Roumanie","Oui","Oui","Oui","Arbre","Oui","Oui","Oui","Oui","Ses fleurs jaune pâle, très odorantes, attirent les abeilles et produisent un abondant nectar très parfumé.","La fleur de tilleul est avant tout calmante et adoucissante, on l'utilise sous forme de tisanesL'aubier de tilleul est utilisé comme draineur: on l'emploie sous forme de décoction des baronnets recoupés en petits morceaux, ou également de gélules de poudre nébulisée.",NA,"Bel arbre d'ombrage, supporte la sécheresse et atmosphère polluée mieux que d'autres tilleuls. Pour petits jardins isolé ou en alignement","Oui","Feuillu","[""Aucune""]","Chêne pubescent,tilleuls, chêne rouvre,charme-houblon,érable champêtre,orme champêtre","Oui","[""Aucun""]","Non","Oui","Simple","Dense","Ronde","Poilue","Grande","Caduc","Blanc crème-jaune pâle","[""6"",""7""]","[""Les deux""]",NA,"Capsules ovales et pointues, jusqu'a 1cm","Oui","Oui","30","Espèce allochtone","Faible",NA,"Bourdons, abeilles, hyménoptères, acariens","Oui","Large","Très longue","Oui","Oui","Exogène","Oui","[""Aucun""]","Oui","Oui","Oui","Arrondi","Oui","Drageonnantes","Traçant","Espèce citée dans plusieurs guides","Mésothermophile","Très forte","Mésoxérophyte","Tolérant","Glycophyte tolérante","[""Sable"",""Limon"",""Argile"",""Humus""]","Oui","Oui","Oui","Oui","Non","Moyenne","Oui"
"232","Tilia x europaea L.","Tilleul commun","Malvaceae","Oui","Eurasiatique, médioeuropéenne","Oui","Oui","Oui","Arbre","Oui",NA,"Oui","Oui","De nombreux insectes comme les abeilles et les bourdons sont attirés par l’odeur et se régalent de nectar et de pollen assurant ainsi la pollinisation entomophile; la couleur très claire de la bractée de certaines espèces attire aussi des pollinisateurs nocturnes; la pollinisation peut être aussi effectuée par le vent – anémophile","La fleur de tilleul est avant tout calmante et adoucissante, on l'utilise sous forme de tisanesL'aubier de tilleul est utilisé comme draineur: on l'emploie sous forme de décoction des baronnets recoupés en petits morceaux, ou également de gélules de poudre nébulisée.",NA,"Arbre au port majestueux, pour ses proportions harmonieuses et son feuillage léger, décoratif du printemps à l'automne, fournissant une ombre confortable en été. Son abondante floraison estivale embaume.","Oui","Feuillu","[""Aucune""]","Sureau noir, viorne obier,lierre grimpant, aulne glutineux, aulne blanc,chevrefeuille des bois, peuplier blanc,charme","Oui","[""Aucun""]","Non","Oui","Simple","Dense","Ronde","Glabre","Moyenne","Caduc","Vert, jaune","[""6"",""7""]","[""Apparence""]",NA,"Fruits assez gros, à 5 côtes saillantes","Oui","Oui","33","Espèce autochtone","Faible",NA,NA,"Oui","Très large","Très longue",NA,NA,"Indigène","Oui","[""Aucun""]",NA,NA,"Oui","Arrondi",NA,"Drageonnantes","Traçant","Espèce citée dans plusieurs guides","Mésothermophile","Forte","Résistant","Tolérant","Glycophyte tolérante","[""Sable"",""Limon"",""Argile"",""Humus""]",NA,NA,"Oui","Non","Non","Moyenne","Oui"
"233","Tipuana tipu  Kuntze","Palo rosa ou tipa","Meliaceae","Oui","Bolivie, Argentine","Oui","Oui","Oui","Arbre","Non","Oui","Oui","Oui","Certains oiseaux mangent le fruit. Pollinisé par les abeilles, il attire les papillons","Son bois tendre et jaunâtre est utilisé comme bois de construction, et son feuillage comme fourrage.",NA,"Le Tipuana tipu est remarquable par l'élégance de son feuillage, son port étalé et aéré et sa floraison généreuse et lumineuse. Il procurera une agréable sensation de fraîcheur pendant les chaleurs estivales. Tolère les sols calcaires et les sols acides. Supporte bien la taille. Espèce à croissance très rapide surtout dans son jeune âge;","Oui","Feuillu","[""Dépôt de miellat""]","Rince-bouteille,hibiscus,cestreau élégant","Oui","[""Chute d'arbre""]","B-EVEE à l'étranger","Oui","Composée","Dense","Lancéolé ou ovale","Glabre","Moyenne","Semi-persistant","Jaune, doré","[""6"",""7"",""8"",""9""]","[""Apparence""]",NA,"Fruit akénoïde d’abord vert clair, devenant brun à maturité, muni d’une aile . Une seule graine. Les fruits restent longtemps sur l’arbre puis tombent soit en même temps, soit après les feuilles.","Oui","Oui","10","Espèce allochtone","Faible",NA,"Pollinisé par abeilles , attire papillons. Produit moins de nectar et pollen que d'autres arbres,","Oui","Large","Moyenne","Non","Oui","Exogène","Oui","[""Aucun""]","Oui","Oui","Oui","Étalé","Oui","Racines agressives","Traçant","Espèce non citée","Mésothermophile","Faible","Résistant","Tolérant","Glycophyte tolérante","[""Sable"",""Limon"",""Argile""]","Oui","Non","Oui","Non","Non","Rapide","Oui"
"234","Toona sinensis  M.Roem.","Cédrèle de Chine","Lauraceae","Oui","Inde, Chine du Sud et Centrale et Malesie de l'Ouest","Non","Oui","Oui","Arbre","Non","Oui","Oui","Non","Nectarifère et pollinifère","C'est une plante comestible. Les jeunes feuilles sont très consommées comme légume en Asie, où l'arbre est cultivé comme plante alimentaire. Plus accessoirement, les feuilles matures sont parfois utilisées en infusion pour en faire une sorte de thé",NA,"Croissance rapide, tolère très bien la taille, apparence originale. Utile dans les endroits avec peu de place pour le houppier. C'est un arbre d'alignement","Oui","Feuillu","[""Aucun""]","Neem,camphrier,hypoestes,cyclanthère","Oui","[""Aucun""]","Non","Oui","Composée","Ouvert","Lancéolé ou ovale","Glabre","Moyenne","Caduc","Blanc, rose","[""6"",""7"",""8""]","[""Non""]",NA,"Capsules brunes, elliptiques, de 3cm de diamètre dehiscentes en 5 valves quand matures   contenant des graines aillées","Non","Non","20","Espèce allochtone","Faible",NA,"Variés, phalènes","Non","Moyen","Moyenne","Non","Oui","Exogène","Oui","[""Aucun""]","Oui","Oui","Oui","Colonnaire","Oui","Drageonnantes",NA,"Espèce non citée","Mésothermophile","Très forte","Résistant","Intolérant","Glycophyte tolérante","[""Sable"",""Limon"",""Argile""]","Oui","Oui","Oui","Non","Non","Rapide","Oui"
"235","Trachelospermum jasminoides","Jasmin étoilé","Apocynaceae","Oui","Chine Centre-Nord, Chine Centre-Sud, Chine Sud-Est, Hainan, Japon, Corée, Taiwan, Tibet, Vietnam","Non","Oui","Oui","Liane","Non","Oui","Oui","Non","Pollinisation la nuit. Les fleurs sont très mellifères","Toute la plante est toxique, et lorsque l'on blesse la plante, un latex toxique s'en échappe servant de défense à la plante",NA,"Plante grimpante de moyen développement feuillage persistant, velouté, vert foncé, devenant bronze à l'automne. Floraison blanche, parfumée, de juin à août. Rustique jusqu'à -10°C.","Non","Feuillu","[""Brûlures""]","Anthémis,myrte,tubéreuse,stephanandra","Non","[""Aucun""]","B-EVEE à l'étranger","Oui","Simple","Moyennement dense","Lancéolé ou ovale","Cireuse","Moyenne","Persistant","Blanc crème","[""4"",""5"",""6"",""7"",""8""]","[""Les deux""]",NA,"Follicules doubles, bruns, de 15 cm de longueur contenant des graines noires munies d'aigrettes.","Non","Oui","4","Espèce allochtone","Faible",NA,"Phalènes","Non","Étroit","Moyenne","Non","Oui","Exogène","Oui","[""Feuilles"",""Sève""]","Oui","Oui","Oui","Liane","Oui","Aucun","Mixte","Espèce non citée","Thermophile","Moyenne","Mésoxérophyte","Tolérant","Glycophyte intolérante","[""Sable"",""Limon"",""Humus""]","Non","Non","Non","Non","Oui","Rapide","Non"
"236","Ulex parviflorus","Ajonc à petites fleurs","Fabaceae","Oui","Ibéro-provençale","Oui","Oui","Oui","Arbrisseau","Non","Oui","Non","Non","Les ajoncs au jardin offrent un excellent abri aux oiseaux et aux petits mammifères. De plus, ils protègent les sols difficiles d’accès .","Les fruits contiennent un alcaloïde vénéneux. Les fleurs seraient réputées pour traiter certaines fièvres",NA,"L’Ajonc de Provence  est un arbrisseau  dont la floraison est précoce : dès le mois de janvier, en même temps que le romarin et le mimosa,   touffes jaunes dorées hérissées d'épines très pointues.","Non","Feuillu","[""Epines""]","Ciste blanc, ciste de Montpellier, ciste à feuilles de sauge, bruyère à fleurs nombreuses, anthyllide faux-cytise, genêt poilu, romarin, thym à têtes, pin d’Alep","Non","[""Aucun""]","Non","Oui","Simple","Moyennement dense","Lancéolé ou ovale","Limbe réduit","Petite","Persistant","Jaune","[""4"",""5""]","[""Non""]",NA,"Gousses ovales, velues à 6 graines, dépassant peu le calice.","Non","Non","2","Espèce autochtone","Fort",NA,NA,"Oui","Étroit","Moyenne","Oui","Non","Indigène","Oui","[""Graines""]","Non","Non","Oui","Buissonnant","Non","Aucun",NA,"Espèce citée dans plusieurs guides","Thermophile","Forte","Mésophyte","Adapté","Glycophyte tolérante","[""Sable"",""Gravier/roches""]","Non","Non","Non","Non","Oui","Rapide","Non"
"237","Ulmus resista 'Sapporo Gold 2'","Orme résistant","Ulmaceae","Oui","Hybride naturel de Ulmus pumila   et Ulmus davidiana var japonicadu Sud-Central, Chine du Sud-Est, Chita, Mongolie intérieure, Japon","Oui","Non","Oui","Arbre","Non","Oui","Oui","Oui",NA,"La décoction d'écorce soignait les brûlures, bouillie dans du lait; elle servait à traiter la jaunisse. L'écorce interne mâchée soignait les maux de gorge. Ses feuilles servaient dans l'Antiquité à soigner « l'humeur noire », le cafard. Les racines pouvaient faire repousser les cheveux. L'eau d'orme contenue dans les galles  soignait les yeux, etc.",NA,"Il peut être utilisé dans les haies, de façon isolée ou en alignement. Il est quand même préférable de choisir un sol frais, humifère et alcalin. Il peut résister à des températures descendant au delà de -10° cet arbre préfère une exposition ensoleillée. Il supporte bien la taille. Résistant à la graphiose. Tolère la pollution urbaine, et la sécheresse.","Oui","Feuillu","[""Dépôt de miellat""]","Frênes,tilleuls,sureau noir, viorne obier,lierre grimpant, aulne glutineux, aulne blanc,chevrefeuille des bois,charme","Non","[""Aucun""]","B-EVEE à l'étranger","Non","Simple","Moyennement dense","Lancéolé ou ovale","Glabre","Moyenne","Caduc","Rouge,violet","[""3""]","[""Non""]",NA,NA,"Oui","Oui","15","Espèce allochtone","Faible",NA,"Pucerons, miridae, dispidae","Oui","Moyen","Très longue","Non","Oui","Exogène","Oui","[""Aucun""]","Oui","Oui","Non","Arrondi","Oui","Aucun","Mixte","Espèce non citée","Mésothermophile","Très forte","Résistant","Adapté","Glycophyte intolérante","[""Sable"",""Limon"",""Argile""]","Non","Non","Oui","Non","Non","Moyenne","Oui"
"238","Umbellularia californica  Nutt.","Laurier de Californie","Lauraceae","Oui","Etats-Unis","Oui","Oui","Oui","Arbre","Oui","Non","Non","Oui",NA,"Les feuilles étaient utilisées pour repousser les puces et pour traiter les maux de tête.  Les feuilles d’Umbellularia californica sont néanmoins parfois employées en substitut du laurier-sauce mais elles ont une saveur beaucoup plus forte.",NA,"C'est un arbre qui se cultive en isolé en anticipant son grand développement : malgré sa croissance lente au début, il est amené à devenir haut et large. Il ressemble au laurier noble. Ses feuilles sont fortement odorantes.","Oui","Feuillu","[""Brûlures""]","Séquoia toujours vert,liquidambar,manzanitas, rhododendrons,violettes,oxalis","Non","[""Aucun""]","Non","Oui","Simple","Moyennement dense","Lancéolé ou ovale","Glabre","Moyenne","Persistant","Jaune, blanc, vert","[""4"",""5""]","[""Parfum""]",NA,"Fruit en drupe ovale de 2cm de diamètre environ, sur long pédoncule.","Non","Oui","20","Espèce allochtone","Très fort",NA,"Aleurodes, diaspidiae","Oui","Moyen","Très longue","Non","Oui","Exogène","Oui","[""Aucun""]","Oui","Non","Non","Arrondi","Oui","Aucun","Traçant","Espèce non citée","Mésothermophile","Faible","Résistant","Intolérant","Glycophyte intolérante","[""Sable"",""Limon"",""Argile""]","Non","Non","Oui","Non","Oui","Moyenne","Non"
"239","Viburnum lantana L.","Viorne lantane","Viburnaceae","Oui","Eurasiatique","Oui","Oui","Oui","Arbrisseau","Non","Oui","Oui","Oui","La floraison a beau être très discrète, cachée sous les feuilles, elle n’en est pas moins très attractive  pour les insectes avec ses fleurs blanches parfumées, rassemblés en cimes aplaties. Elles sont suivies de grappes de petits fruits rouges, devenant noire à maturité. Les oiseaux s'en régalent","Un macérat glycériné peut être prescrit pour traiter les problèmes respiratoires",NA,"Grand arbuste érigé, buissonnant et très ramifié, il a un  feuillage ridé vert foncé au-dessous gris vert laineux. Il supporte la taille. Sa floraison blanche est très parfumée, sa couleur automnale jaune à brun rougeâtre est suivie de petits fruits ronds rouge lumineux dès la mi-juillet puis bleu noir. Il offre de multiples possibilités d’utilisation de par sa résistance à la chaleur, à la sécheresse, au vent, aux pollutions industrielles. Il apporte une ambiance champêtre et tient un rôle de brise vent.","Non","Feuillu","[""Aucune""]","Chênes vert et pubescent, peuplier blanc,sureau noir, viorne obier,lierre grimpant, aulne glutineux, aulne blanc,chevrefeuille des bois,charme","Oui","[""Aucune""]","Non","Oui","Simple","Moyennement dense","Ronde","Cireuse et poilue","Moyenne","Caduc","Blanc","[""5"",""6""]","[""Apparence""]",NA,"Drupes ovoïdes, aplaties, longues de 8mm, rouges puis noir bleuâtre. Dispersée par les animaux. Baies astringentes, utilisées contre la dysenterie et la diarrhée","Non","Oui","3","Espèce autochtone","Moyen",NA,NA,"Oui","Étroit","Moyenne","Non","Oui","Indigène","Oui","[""Aucun""]","Oui","Oui","Oui","Buissonnant","Oui","Drageonnantes","Cœur","Espèce citée dans un guide","Mésothermophile","Forte","Mésophyte","Tolérant","Glycophyte tolérante","[""Sable"",""Limon"",""Humus""]","Oui","Oui","Oui","Oui","Non","Lente","Non"
"240","Viburnum tinus L.","Laurier tin","Adoxacées","Oui","Méditerranéenne","Non","Oui","Oui","Arbuste","Non","Oui","Oui","Oui","Les abeilles apprécient beaucoup cet arbuste mellifère d’hiver..Ses fruits régaleront les oiseaux pendant tout l’hiver et son feuillage leur servira d’abri et de nichoir.","Contrairement à d’autre lauriers, on ne récolte ni ses baies, ni ses feuilles, qui ne sont pas comestibles et peuvent même être toxiques. Laissons ses baies aux oiseaux qui s’en délecteront",NA,"Le laurier-tin est un arbuste rustique, qui ne craint ni le vent, ni les embruns et qui supporte relativement bien la pollution.","Non","Feuillu","[""Aucune""]","Ciste blanc,ciste de Montpellier, ciste à feuilles de sauge,bruyère à fleurs nombreuses,anthyllide faux-cytise, genêt poilu,romarin,thym à têtes,pin d’Alep","Oui","[""Aucune""]","Non","Oui","Simple","Dense","Lancéolé ou ovale","Cireuse et poilue","Moyenne","Persistant","Rosée puis Blanc","[""2"",""3"",""4"",""5"",""6""]","[""Apparence""]",NA,"Baies subglobuleuses, d'un bleu noir à maturité; fructification : août à septembre; fruits purgatifs et anti-catarrhaux","Non","Oui","3","Espèce autochtone","Moyen",NA,NA,"Oui","Étroit","Moyenne","Oui","Oui","Indigène","Oui","[""Aucun""]","Oui","Oui","Oui","Buissonnant","Oui","Drageonnantes","Cœur","Espèce citée dans un guide","Thermophile","Forte","Mésoxérophyte","Tolérant","Glycophyte tolérante","[""Sable"",""Limon"",""Humus""]","Oui","Oui","Oui","Non","Non","Lente","Oui"
"241","Vitex agnus-castus","Arbre au poivre, Gattilier","Verbénacées","Oui","Méditerranéenne","Oui","Oui","Oui","Arbuste","Non","Oui","Oui","Oui","Les fleurs du gattilier produisent beaucoup de nectar et de pollen.","Ses fleurs étaient utilisées autrefois en parfumerie et ses baies grillées comme succedanés du poivre.",NA,"Arbuste caduc au feuillage élégant dont la floraison tardive en fin d’été est d’un bleu très lumineux.","Non","Feuillu","[""Aucune""]","Laurier rose,rosier à feuilles d'orme,tamaris","Non","[""Aucune""]","Non","Oui","Composée","Dense","Lancéolé ou ovale","Poilue","Moyenne","Caduc","Bleuâtre ou rose","[""6"",""7""]","[""Apparence""]",NA,"Drupes globuleuses, noir rougeâtre, dépassant un peu le calice de 3-4 mm de diamètre.","Non","Oui","4","Espèce autochtone","Faible",NA,NA,"Oui","Étroit","Moyenne","Oui","Oui","Indigène","Oui","[""Aucun""]","Oui","Oui","Oui","Buissonnant","Oui","Aucun",NA,"Espèce citée dans un guide","Thermophile","Moyenne","Mésophyte","Tolérant","Glycophyte tolérante","[""Sable"",""Gravier/roches""]","Non","Oui","Non","Non","Non","Moyenne","Oui"
"242","Wisteria sinensis  DC.","Glycine de Chine","Fabaceae","Oui","Chine Nord-Centrale, Chine Sud-Centrale, Chine Sud-Est","Non","Oui","Oui","Liane","Non","Oui","Non","Non","Parfumées et nectarifères, les fleurs sont visitées par les abeilles et les papillons","Les graines sont toxiques, les oiseaux et mammifères ne les mangent pas",NA,"A faire pousser sur un support robuste - grillage, pergola. Peut être conduit en tant qu'arbuste avec beaucoup de travail de taille. Très apréciée pour ses qualités ornementales.","Non","Feuillu","[""Aucun""]","Millettia japonica, edgeworthia, halimiocistus,montanoa,cytise, euphorbe,iris,ceanothe","Non","[""Aucun""]","B-EVEE à l'étranger","Oui","Composée","Moyennement dense","Lancéolé ou ovale","Glabre","Moyenne","Caduc","Bleu violet","[""4"",""5""]","[""Les deux""]",NA,"Gousse","Non","Oui","20","Espèce allochtone","Très fort",NA,"Abeilles","Oui","Large","Longue","Non","Non","Exogène","Oui","[""Fruits"",""Graines"",""Feuilles"",""Sève"",""Fleurs"",""Ecorce"",""Racines""]","Oui","Oui","Oui","Liane","Non","Aucun","Mixte","Espèce citée dans un guide","Mésothermophile","Moyenne","Résistant","Intolérant","Glycophyte intolérante","[""Sable"",""Limon""]","Oui","Non","Non","Non","Oui","Rapide","Non"
"243","Ziziphus jujuba Mill.","Jujubier commun, dattier de Chine","Rhamnaceae","Oui","Chine Nord-Centrale, Chine Sud-Est, Mongolie intérieure, Corée, Mandchourie, Xinjiang","Non","Oui","Oui","Arbuste","Oui","Oui","Oui","Oui",NA,"En Provence et Languedoc-Roussillon, le jujubier était planté près du puits des jardinets de village et très rarement près des maisons de vigne. Les Marseillais en raffolaient. Ce fruit servait de transition entre les fruits d’été et ceux d’hiver.",NA,"Feuillage dense qui peut procurer une grande quantité d'ombre si le fut est assez haut. Haies défensives, coupe vent et stabilisatrices. Peut pousser sur tout type de sol, alacalin, salin, pauvre,  parfaitement adapté aux sols arides. Fruit comestibles","Oui","Feuillu","[""Epines""]","Nashi,néflier du Japon,lavande,romarin","Non","[""Aucun""]","B-EVEE à l'étranger","Oui","Simple","Dense","Lancéolé ou ovale","Cireuse","Petite","Caduc","Jaune","[""6"",""7""]","[""Parfum""]",NA,"Drupe ovale de 1.5 à 3cm, orange, consistance de pomme sechée","Non","Oui","8","Espèce allochtone","Moyen",NA,"Abeilles à miel, abeilles solitaires, mouches, coléoptères, guêpes, chenilles","Oui","Moyen","Très longue","Oui","Oui","Exogène","Oui","[""Aucun""]","Oui","Oui","Oui","Arrondi","Oui","Drageonnantes","Pivotant","Espèce citée dans un guide","Thermophile","Moyenne","Mésoxérophyte","Tolérant","Glycophyte tolérante","[""Sable"",""Limon"",""Gravier/roches""]","Non","Non","Oui","Oui","Non","Lente","Non"
